433d25432c5893250be419300c059214815402d4080149884b7f389afa188680	.github/workflows/deploy-pages.yml
b04b0ca8ccf9af6d22f51a533d6156b18916dda7a146289ed5b43b4b31e0c384	.gitignore
e3b0c44298fc1c149afbf4c8996fb92427ae41e4649b934ca495991b7852b855	.nojekyll
9bdcef6d046be431fc042498860ee72c98824f7baa68a9f94c7e4bb526a306b6	404.html
a52002338b272a3921cd0dedd067c357a334d5d72a6c28eb8cc34b28469a1908	PUBLICATION_MANIFEST.json
c8c86e0556f928bf58fadca750159f0da6d0e67a553617e8ad2acf0db43929e1	README.md
2a4c875c1378e58096762f491bc5899f2a3c9c14b31b988384cb6cf18c9933f9	WEB_V4_1_QA.json
6205e21c733ee5cf0c9fac3d60318de6cb503e91990fef836d9470ef41fdbe18	about.html
df0dcdef9f401a6693cd3d8aae9f436b8832c74d3e4c5e4254094541c3d61d11	app.js
95454a034e0afc832dc15141f04d052628bea9c1f70124560ca4400de241592f	common.js
b73c0d036767d02265a3114b0791498d20e6f3c01f2a573afa2b73523abdfaf4	data/entries.js
fcbca29a70f6f4c9cc70861870fbbf322e73802f914db73c784839973f96a695	data/entries.json
5b902361299271b764a06de71dc30411c8e9f009b77e46f3c74e6c2936aedc86	data/metadata.json
a3eb7aea8e1e7480b9b29ab4bfa0720c6a7d9007dab5dbb0b19cbb6ab4cc2ff1	data/release-info.js
8dc00a97baf339ca8f9a29409f96bb814dc838ece61947664ac35fe17a9f98dd	data/release-info.json
7154a515ca002d62bdf478dd517a5995d9f64fb55bbdd797984f512eeffefb29	data/senses.jsonl
cc062569c567f65e036b9b63d576d93726580cabb65b4a4af6f90505fab48680	download.html
13a347f19324f64303edc4405d85ea32130a77750646067a0ead36000d6ad54d	favicon.svg
7448fb0dacf84050c4ecb92c6b25a5dfe41c82ea0398f4e4f0616b033f6150d2	index.html
23d55436095d0fb831f98699d9a74d0fb6130e120b2066350390c1e730c4ea54	stats.html
a915aedfa24b0988012419a62f24038592f293cf63224c632b9458ecc511a3fb	stats.js
77e02a46f341e71cb922d1a4cc52f3da93df06c4bb8d287793fcbdbd70f73faf	styles.css
694980e809121a15f2f91dc94f65c5257b33f1065ff682b441e428f4932c078f	theme.js
