lemma	entry	sense	public_uid	certified_valency_uid	valency	status	pending_reason
abastecimento	1	1	lemma::abastecimento::NOUN_SENSE::01	lemma::abastecimento::NOUN_SENSE::01	V3	PENDING_ROLE_LEVEL	ROLE_EXACT_EVIDENCE_RECOVERY_001
abastecimento	1	2	lemma::abastecimento::NOUN_SENSE::02	lemma::abastecimento::NOUN_SENSE::02	V3	PENDING_ROLE_LEVEL	ROLE_EXACT_EVIDENCE_RECOVERY_001
abastecimento	1	3	lemma::abastecimento::NOUN_SENSE::03	lemma::abastecimento::NOUN_SENSE::03	V3	PENDING_ROLE_LEVEL	ROLE_EXACT_EVIDENCE_RECOVERY_001
absolvição	1	1	lemma::absolvição::NOUN_SENSE::01	lemma::absolvição::NOUN_SENSE::01	V3	PENDING_ROLE_LEVEL	ROLE_EXACT_EVIDENCE_RECOVERY_001
acerto	1	2	lemma::acerto::NOUN_SENSE::02	lemma::acerto::NOUN_SENSE::02	V3	PENDING_ROLE_LEVEL	ROLE_EXACT_EVIDENCE_RECOVERY_001
acerto	1	3	lemma::acerto::NOUN_SENSE::03	lemma::acerto::NOUN_SENSE::03	V2	PENDING_ROLE_LEVEL	ROLE_EXACT_EVIDENCE_RECOVERY_001
acerto	1	4	lemma::acerto::NOUN_SENSE::04	lemma::acerto::NOUN_SENSE::04	V3	PENDING_ROLE_LEVEL	ROLE_EXACT_EVIDENCE_RECOVERY_001
acesso	1	3	lemma::acesso::NOUN_SENSE::03	lemma::acesso::NOUN_SENSE::03	V2	PENDING_ROLE_LEVEL	ROLE_EXACT_EVIDENCE_RECOVERY_001
acesso	1	4	lemma::acesso::NOUN_SENSE::04	lemma::acesso::NOUN_SENSE::04	V2	PENDING_ROLE_LEVEL	ROLE_EXACT_EVIDENCE_RECOVERY_001
acesso	1	9	lemma::acesso::NOUN_SENSE::09	lemma::acesso::NOUN_SENSE::09	V2	PENDING_ROLE_LEVEL	ROLE_EXACT_EVIDENCE_RECOVERY_001
acomodação	1	2	lemma::acomodação::NOUN_SENSE::02	lemma::acomodação::NOUN_SENSE::02	V2	PENDING_ROLE_LEVEL	ROLE_EXACT_EVIDENCE_RECOVERY_001
acomodação	1	4	lemma::acomodação::NOUN_SENSE::04	lemma::acomodação::NOUN_SENSE::04	V2	PENDING_ROLE_LEVEL	ROLE_EXACT_EVIDENCE_RECOVERY_001
acordo	1	5	lemma::acordo::NOUN_SENSE::05	lemma::acordo::NOUN_SENSE::05	V2	PENDING_ROLE_LEVEL	SPECIAL_ACORDO05_ROLE_FRAME_RECOVERY
adaptação	1	2	lemma::adaptação::NOUN_SENSE::02	lemma::adaptação::NOUN_SENSE::02	V4	PENDING_ROLE_LEVEL	ROLE_EXACT_EVIDENCE_RECOVERY_001
adaptação	1	5	lemma::adaptação::NOUN_SENSE::05	lemma::adaptação::NOUN_SENSE::05	V3	PENDING_ROLE_LEVEL	ROLE_EXACT_EVIDENCE_RECOVERY_001
admissão	1	1	lemma::admissão::NOUN_SENSE::01	lemma::admissão::NOUN_SENSE::01	V3	PENDING_ROLE_LEVEL	ROLE_EXACT_EVIDENCE_RECOVERY_001
advertência	1	1	lemma::advertência::NOUN_SENSE::01	lemma::advertência::NOUN_SENSE::01	V3	PENDING_ROLE_LEVEL	ROLE_EXACT_EVIDENCE_RECOVERY_001
advertência	1	3	lemma::advertência::NOUN_SENSE::03	lemma::advertência::NOUN_SENSE::03	V3	PENDING_ROLE_LEVEL	ROLE_EXACT_EVIDENCE_RECOVERY_001
afastamento	1	1	lemma::afastamento::NOUN_SENSE::01	lemma::afastamento::NOUN_SENSE::01	V2	PENDING_ROLE_LEVEL	ROLE_EXACT_EVIDENCE_RECOVERY_001
afastamento	1	3	lemma::afastamento::NOUN_SENSE::03	lemma::afastamento::NOUN_SENSE::03	V3	PENDING_ROLE_LEVEL	ROLE_EXACT_EVIDENCE_RECOVERY_001
afastamento	1	6	lemma::afastamento::NOUN_SENSE::06	lemma::afastamento::NOUN_SENSE::06	V2	PENDING_ROLE_LEVEL	ROLE_EXACT_EVIDENCE_RECOVERY_001
afastamento	1	7	lemma::afastamento::NOUN_SENSE::07	lemma::afastamento::NOUN_SENSE::07	V2	PENDING_ROLE_LEVEL	ROLE_EXACT_EVIDENCE_RECOVERY_001
afetação	1	1	lemma::afetação::NOUN_SENSE::01	lemma::afetação::NOUN_SENSE::01	V2	PENDING_ROLE_LEVEL	ROLE_UNSEEN_002
afeto	1	1	DUPB::L0053_0232::E01::NOUN_SENSE::NEW::001	DUPB::L0053_0232::E01::NOUN_SENSE::NEW::001	V2	PENDING_ROLE_LEVEL	ROLE_UNSEEN_002
afeto	1	2	DUPB::L0053_0232::E01::NOUN_SENSE::NEW::002	DUPB::L0053_0232::E01::NOUN_SENSE::NEW::002	V2	PENDING_ROLE_LEVEL	ROLE_UNSEEN_002
afeto	1	3	DUPB::L0053_0232::E01::NOUN_SENSE::NEW::003	DUPB::L0053_0232::E01::NOUN_SENSE::NEW::003	V2	PENDING_ROLE_LEVEL	ROLE_UNSEEN_002
afeto	1	4	DUPB::L0053_0232::E01::NOUN_SENSE::NEW::004	DUPB::L0053_0232::E01::NOUN_SENSE::NEW::004	V2	PENDING_ROLE_LEVEL	ROLE_UNSEEN_002
aficionado	1	1	lemma::aficionado::NOUN_SENSE::01	lemma::aficionado::NOUN_SENSE::01	V2	PENDING_ROLE_LEVEL	ROLE_UNSEEN_002
afilhado	1	3	lemma::afilhado::NOUN_SENSE::03	lemma::afilhado::NOUN_SENSE::03	V1	PENDING_ROLE_LEVEL	ROLE_UNSEEN_002
afirmação	1	1	lemma::afirmação::NOUN_SENSE::01	lemma::afirmação::NOUN_SENSE::01	V2	PENDING_ROLE_LEVEL	ROLE_UNSEEN_002
afirmação	1	2	lemma::afirmação::NOUN_SENSE::02	lemma::afirmação::NOUN_SENSE::02	V2	PENDING_ROLE_LEVEL	ROLE_UNSEEN_002
afronta	1	1	lemma::afronta::NOUN_SENSE::01	lemma::afronta::NOUN_SENSE::01	V2	PENDING_ROLE_LEVEL	ROLE_UNSEEN_002
afronta	1	2	lemma::afronta::NOUN_SENSE::02	lemma::afronta::NOUN_SENSE::02	V2	PENDING_ROLE_LEVEL	ROLE_UNSEEN_002
afronta	1	3	lemma::afronta::NOUN_SENSE::03	lemma::afronta::NOUN_SENSE::03	V2	PENDING_ROLE_LEVEL	ROLE_UNSEEN_002
agenciamento	1	1	lemma::agenciamento::NOUN_SENSE::01	lemma::agenciamento::NOUN_SENSE::01	V2	PENDING_ROLE_LEVEL	ROLE_UNSEEN_002
agendamento	1	1	lemma::agendamento::NOUN_SENSE::01	lemma::agendamento::NOUN_SENSE::01	V3	PENDING_ROLE_LEVEL	ROLE_UNSEEN_002
agente	1	3	lemma::agente::NOUN_SENSE::03	lemma::agente::NOUN_SENSE::03	V1	PENDING_ROLE_LEVEL	ROLE_UNSEEN_002
agente	1	4	lemma::agente::NOUN_SENSE::04	lemma::agente::NOUN_SENSE::04	V1	PENDING_ROLE_LEVEL	ROLE_UNSEEN_002
agente	1	5	lemma::agente::NOUN_SENSE::05	lemma::agente::NOUN_SENSE::05	V1	PENDING_ROLE_LEVEL	ROLE_UNSEEN_002
agente	1	6	lemma::agente::NOUN_SENSE::06	lemma::agente::NOUN_SENSE::06	V1	PENDING_ROLE_LEVEL	ROLE_UNSEEN_002
agente	1	7	lemma::agente::NOUN_SENSE::07	lemma::agente::NOUN_SENSE::07	V1	PENDING_ROLE_LEVEL	ROLE_UNSEEN_002
agitador	1	1	lemma::agitador::NOUN_SENSE::01	lemma::agitador::NOUN_SENSE::01	V2	PENDING_ROLE_LEVEL	ROLE_UNSEEN_002
agitador	1	2	lemma::agitador::NOUN_SENSE::02	lemma::agitador::NOUN_SENSE::02	V1	PENDING_ROLE_LEVEL	ROLE_UNSEEN_002
agressão	1	1	lemma::agressão::NOUN_SENSE::01	lemma::agressão::NOUN_SENSE::01	V2	PENDING_ROLE_LEVEL	ROLE_UNSEEN_002
agressão	1	2	lemma::agressão::NOUN_SENSE::02	lemma::agressão::NOUN_SENSE::02	V2	PENDING_ROLE_LEVEL	ROLE_UNSEEN_002
agressão	1	3	lemma::agressão::NOUN_SENSE::03	lemma::agressão::NOUN_SENSE::03	V2	PENDING_ROLE_LEVEL	ROLE_UNSEEN_002
agressão	1	4	lemma::agressão::NOUN_SENSE::04	lemma::agressão::NOUN_SENSE::04	V2	PENDING_ROLE_LEVEL	ROLE_UNSEEN_002
ajuda	1	1	lemma::ajuda::NOUN_SENSE::01	lemma::ajuda::NOUN_SENSE::01	V3	PENDING_ROLE_LEVEL	ROLE_UNSEEN_002
ajuda	1	3	lemma::ajuda::NOUN_SENSE::03	lemma::ajuda::NOUN_SENSE::03	V2	PENDING_ROLE_LEVEL	ROLE_UNSEEN_002
ajuste	1	2	lemma::ajuste::NOUN_SENSE::02	lemma::ajuste::NOUN_SENSE::02	V3	PENDING_ROLE_LEVEL	ROLE_UNSEEN_002
ajuste	1	3	lemma::ajuste::NOUN_SENSE::03	lemma::ajuste::NOUN_SENSE::03	V3	PENDING_ROLE_LEVEL	ROLE_UNSEEN_002
ajuste	1	6	lemma::ajuste::NOUN_SENSE::06	lemma::ajuste::NOUN_SENSE::06	V3	PENDING_ROLE_LEVEL	ROLE_UNSEEN_002
alegação	1	1	lemma::alegação::NOUN_SENSE::01	lemma::alegação::NOUN_SENSE::01	V2	PENDING_ROLE_LEVEL	ROLE_UNSEEN_002
algoz	1	1	lemma::algoz::NOUN_SENSE::01	lemma::algoz::NOUN_SENSE::01	V1	PENDING_ROLE_LEVEL	ROLE_UNSEEN_002
algoz	1	2	lemma::algoz::NOUN_SENSE::02	lemma::algoz::NOUN_SENSE::02	V1	PENDING_ROLE_LEVEL	ROLE_UNSEEN_002
algoz	1	3	lemma::algoz::NOUN_SENSE::03	lemma::algoz::NOUN_SENSE::03	V1	PENDING_ROLE_LEVEL	ROLE_UNSEEN_002
aliança	1	1	lemma::aliança::NOUN_SENSE::01	lemma::aliança::NOUN_SENSE::01	V2	PENDING_ROLE_LEVEL	ROLE_EXACT_EVIDENCE_RECOVERY_001
aliança	1	2	lemma::aliança::NOUN_SENSE::02	lemma::aliança::NOUN_SENSE::02	V2	PENDING_ROLE_LEVEL	ROLE_EXACT_EVIDENCE_RECOVERY_001
aliança	1	5	lemma::aliança::NOUN_SENSE::05	lemma::aliança::NOUN_SENSE::05	V2	PENDING_ROLE_LEVEL	ROLE_UNSEEN_002
alimentação	1	2	lemma::alimentação::NOUN_SENSE::02	lemma::alimentação::NOUN_SENSE::02	V3	PENDING_ROLE_LEVEL	ROLE_UNSEEN_002
alimentação	1	3	lemma::alimentação::NOUN_SENSE::03	lemma::alimentação::NOUN_SENSE::03	V3	PENDING_ROLE_LEVEL	ROLE_UNSEEN_002
alimentação	1	4	lemma::alimentação::NOUN_SENSE::04	lemma::alimentação::NOUN_SENSE::04	V2	PENDING_ROLE_LEVEL	ROLE_UNSEEN_002
alteração	1	2	lemma::alteração::NOUN_SENSE::02	lemma::alteração::NOUN_SENSE::02	V3	PENDING_ROLE_LEVEL	ROLE_UNSEEN_002
altercação	1	1	lemma::altercação::NOUN_SENSE::01	lemma::altercação::NOUN_SENSE::01	V3	PENDING_ROLE_LEVEL	ROLE_UNSEEN_002
alternativa	1	3	lemma::alternativa::NOUN_SENSE::03	lemma::alternativa::NOUN_SENSE::03	V1	PENDING_ROLE_LEVEL	ROLE_UNSEEN_002
amarra	1	1	lemma::amarra::NOUN_SENSE::01	lemma::amarra::NOUN_SENSE::01	V2	PENDING_ROLE_LEVEL	ROLE_UNSEEN_002
ambição	1	1	lemma::ambição::NOUN_SENSE::01	lemma::ambição::NOUN_SENSE::01	V2	PENDING_ROLE_LEVEL	ROLE_UNSEEN_002
ambição	1	2	lemma::ambição::NOUN_SENSE::02	lemma::ambição::NOUN_SENSE::02	V2	PENDING_ROLE_LEVEL	ROLE_UNSEEN_002
ambição	1	3	lemma::ambição::NOUN_SENSE::03	lemma::ambição::NOUN_SENSE::03	V2	PENDING_ROLE_LEVEL	ROLE_UNSEEN_002
ameaça	1	1	lemma::ameaça::NOUN_SENSE::01	lemma::ameaça::NOUN_SENSE::01	V3	PENDING_ROLE_LEVEL	ROLE_UNSEEN_002
ameaça	1	2	lemma::ameaça::NOUN_SENSE::02	lemma::ameaça::NOUN_SENSE::02	V3	PENDING_ROLE_LEVEL	ROLE_UNSEEN_002
ameaça	1	3	lemma::ameaça::NOUN_SENSE::03	lemma::ameaça::NOUN_SENSE::03	V3	PENDING_ROLE_LEVEL	ROLE_UNSEEN_002
ameaça	1	5	lemma::ameaça::NOUN_SENSE::05	lemma::ameaça::NOUN_SENSE::05	V3	PENDING_ROLE_LEVEL	ROLE_UNSEEN_002
amor	1	1	lemma::amor::NOUN_SENSE::01	lemma::amor::NOUN_SENSE::01	V2	PENDING_ROLE_LEVEL	ROLE_UNSEEN_002
amor	1	2	lemma::amor::NOUN_SENSE::02	lemma::amor::NOUN_SENSE::02	V2	PENDING_ROLE_LEVEL	ROLE_UNSEEN_002
amor	1	3	lemma::amor::NOUN_SENSE::03	lemma::amor::NOUN_SENSE::03	V2	PENDING_ROLE_LEVEL	ROLE_UNSEEN_002
amor	1	4	lemma::amor::NOUN_SENSE::04	lemma::amor::NOUN_SENSE::04	V2	PENDING_ROLE_LEVEL	ROLE_UNSEEN_002
amor	1	5	lemma::amor::NOUN_SENSE::05	lemma::amor::NOUN_SENSE::05	V2	PENDING_ROLE_LEVEL	ROLE_UNSEEN_002
amor	1	6	lemma::amor::NOUN_SENSE::06	lemma::amor::NOUN_SENSE::06	V2	PENDING_ROLE_LEVEL	ROLE_UNSEEN_002
amor	1	7	lemma::amor::NOUN_SENSE::07	lemma::amor::NOUN_SENSE::07	V2	PENDING_ROLE_LEVEL	ROLE_UNSEEN_002
amor	1	8	lemma::amor::NOUN_SENSE::08	lemma::amor::NOUN_SENSE::08	V2	PENDING_ROLE_LEVEL	ROLE_UNSEEN_002
amor	1	9	lemma::amor::NOUN_SENSE::09	lemma::amor::NOUN_SENSE::09	V2	PENDING_ROLE_LEVEL	ROLE_UNSEEN_002
amostragem	1	3	lemma::amostragem::NOUN_SENSE::03	lemma::amostragem::NOUN_SENSE::03	V1	PENDING_ROLE_LEVEL	ROLE_UNSEEN_002
ampliação	1	1	lemma::ampliação::NOUN_SENSE::01	lemma::ampliação::NOUN_SENSE::01	V2	PENDING_ROLE_LEVEL	ROLE_UNSEEN_002
ampliação	1	2	lemma::ampliação::NOUN_SENSE::02	lemma::ampliação::NOUN_SENSE::02	V2	PENDING_ROLE_LEVEL	ROLE_UNSEEN_002
ampliação	1	3	lemma::ampliação::NOUN_SENSE::03	lemma::ampliação::NOUN_SENSE::03	V1	PENDING_ROLE_LEVEL	ROLE_UNSEEN_002
amputação	1	1	lemma::amputação::NOUN_SENSE::01	lemma::amputação::NOUN_SENSE::01	V3	PENDING_ROLE_LEVEL	ROLE_UNSEEN_002
amputação	1	2	lemma::amputação::NOUN_SENSE::02	lemma::amputação::NOUN_SENSE::02	V2	PENDING_ROLE_LEVEL	ROLE_UNSEEN_002
analista	1	1	lemma::analista::NOUN_SENSE::01	lemma::analista::NOUN_SENSE::01	V2	PENDING_ROLE_LEVEL	ROLE_UNSEEN_002
analista	1	2	lemma::analista::NOUN_SENSE::02	lemma::analista::NOUN_SENSE::02	V1	PENDING_ROLE_LEVEL	ROLE_UNSEEN_002
analista	1	3	lemma::analista::NOUN_SENSE::03	lemma::analista::NOUN_SENSE::03	V1	PENDING_ROLE_LEVEL	ROLE_UNSEEN_002
analista	1	4	lemma::analista::NOUN_SENSE::04	lemma::analista::NOUN_SENSE::04	V1	PENDING_ROLE_LEVEL	ROLE_UNSEEN_002
analogia	1	1	lemma::analogia::NOUN_SENSE::01	lemma::analogia::NOUN_SENSE::01	V3	PENDING_ROLE_LEVEL	ROLE_EXACT_EVIDENCE_RECOVERY_001
analogia	1	2	lemma::analogia::NOUN_SENSE::02	lemma::analogia::NOUN_SENSE::02	V2	PENDING_ROLE_LEVEL	ROLE_UNSEEN_002
animosidade	1	2	lemma::animosidade::NOUN_SENSE::02	lemma::animosidade::NOUN_SENSE::02	V2	PENDING_ROLE_LEVEL	ROLE_UNSEEN_002
anistia	1	1	lemma::anistia::NOUN_SENSE::01	lemma::anistia::NOUN_SENSE::01	V2	PENDING_ROLE_LEVEL	ROLE_UNSEEN_002
anistia	1	2	lemma::anistia::NOUN_SENSE::02	lemma::anistia::NOUN_SENSE::02	V2	PENDING_ROLE_LEVEL	ROLE_UNSEEN_002
anistia	1	3	lemma::anistia::NOUN_SENSE::03	lemma::anistia::NOUN_SENSE::03	V2	PENDING_ROLE_LEVEL	ROLE_UNSEEN_002
anotação	1	2	lemma::anotação::NOUN_SENSE::02	lemma::anotação::NOUN_SENSE::02	V2	PENDING_ROLE_LEVEL	ROLE_UNSEEN_002
anotação	1	3	lemma::anotação::NOUN_SENSE::03	lemma::anotação::NOUN_SENSE::03	V2	PENDING_ROLE_LEVEL	ROLE_UNSEEN_002
antecessor	1	2	lemma::antecessor::NOUN_SENSE::02	lemma::antecessor::NOUN_SENSE::02	V1	PENDING_ROLE_LEVEL	ROLE_UNSEEN_002
antecessor	1	3	lemma::antecessor::NOUN_SENSE::03	lemma::antecessor::NOUN_SENSE::03	V1	PENDING_ROLE_LEVEL	ROLE_UNSEEN_002
antecessor	1	5	lemma::antecessor::NOUN_SENSE::05	lemma::antecessor::NOUN_SENSE::05	V1	PENDING_ROLE_LEVEL	ROLE_UNSEEN_002
antecessor	1	6	lemma::antecessor::NOUN_SENSE::06	lemma::antecessor::NOUN_SENSE::06	V1	PENDING_ROLE_LEVEL	ROLE_UNSEEN_002
antecessor	1	7	lemma::antecessor::NOUN_SENSE::07	lemma::antecessor::NOUN_SENSE::07	V1	PENDING_ROLE_LEVEL	ROLE_UNSEEN_002
antecessor	1	8	lemma::antecessor::NOUN_SENSE::08	lemma::antecessor::NOUN_SENSE::08	V1	PENDING_ROLE_LEVEL	ROLE_UNSEEN_002
anulação	1	1	lemma::anulação::NOUN_SENSE::01	lemma::anulação::NOUN_SENSE::01	V2	PENDING_ROLE_LEVEL	ROLE_UNSEEN_002
anulação	1	2	lemma::anulação::NOUN_SENSE::02	lemma::anulação::NOUN_SENSE::02	V2	PENDING_ROLE_LEVEL	ROLE_UNSEEN_002
análise	1	1	lemma::análise::NOUN_SENSE::01	lemma::análise::NOUN_SENSE::01	V2	PENDING_ROLE_LEVEL	ROLE_UNSEEN_002
análise	1	2	lemma::análise::NOUN_SENSE::02	lemma::análise::NOUN_SENSE::02	V2	PENDING_ROLE_LEVEL	ROLE_UNSEEN_002
análise	1	3	lemma::análise::NOUN_SENSE::03	lemma::análise::NOUN_SENSE::03	V2	PENDING_ROLE_LEVEL	ROLE_UNSEEN_002
análise	1	4	lemma::análise::NOUN_SENSE::04	lemma::análise::NOUN_SENSE::04	V2	PENDING_ROLE_LEVEL	ROLE_UNSEEN_002
análise	1	5	lemma::análise::NOUN_SENSE::05	lemma::análise::NOUN_SENSE::05	V2	PENDING_ROLE_LEVEL	ROLE_UNSEEN_002
análise	1	6	lemma::análise::NOUN_SENSE::06	lemma::análise::NOUN_SENSE::06	V2	PENDING_ROLE_LEVEL	ROLE_UNSEEN_002
análise	1	7	lemma::análise::NOUN_SENSE::07	lemma::análise::NOUN_SENSE::07	V2	PENDING_ROLE_LEVEL	ROLE_UNSEEN_002
anúncio	1	2	lemma::anúncio::NOUN_SENSE::02	lemma::anúncio::NOUN_SENSE::02	V2	PENDING_ROLE_LEVEL	ROLE_UNSEEN_002
anúncio	1	3	lemma::anúncio::NOUN_SENSE::03	lemma::anúncio::NOUN_SENSE::03	V1	PENDING_ROLE_LEVEL	ROLE_UNSEEN_002
anúncio	1	4	lemma::anúncio::NOUN_SENSE::04	lemma::anúncio::NOUN_SENSE::04	V2	PENDING_ROLE_LEVEL	ROLE_UNSEEN_002
aparência	1	7	lemma::aparência::NOUN_SENSE::07	lemma::aparência::NOUN_SENSE::07	V2	PENDING_ROLE_LEVEL	ROLE_UNSEEN_002
apego	1	1	lemma::apego::NOUN_SENSE::01	lemma::apego::NOUN_SENSE::01	V2	PENDING_ROLE_LEVEL	ROLE_UNSEEN_002
apego	1	3	lemma::apego::NOUN_SENSE::03	lemma::apego::NOUN_SENSE::03	V2	PENDING_ROLE_LEVEL	ROLE_UNSEEN_002
apego	1	4	lemma::apego::NOUN_SENSE::04	lemma::apego::NOUN_SENSE::04	V2	PENDING_ROLE_LEVEL	ROLE_UNSEEN_002
apelo	1	1	lemma::apelo::NOUN_SENSE::01	lemma::apelo::NOUN_SENSE::01	V3	PENDING_ROLE_LEVEL	ROLE_UNSEEN_002
apelo	1	2	lemma::apelo::NOUN_SENSE::02	lemma::apelo::NOUN_SENSE::02	V3	PENDING_ROLE_LEVEL	ROLE_UNSEEN_002
apelo	1	3	lemma::apelo::NOUN_SENSE::03	lemma::apelo::NOUN_SENSE::03	V3	PENDING_ROLE_LEVEL	ROLE_UNSEEN_002
apelo	1	5	lemma::apelo::NOUN_SENSE::05	lemma::apelo::NOUN_SENSE::05	V2	PENDING_ROLE_LEVEL	ROLE_UNSEEN_002
apelo	1	6	lemma::apelo::NOUN_SENSE::06	lemma::apelo::NOUN_SENSE::06	V3	PENDING_ROLE_LEVEL	ROLE_UNSEEN_002
aperfeiçoamento	1	1	lemma::aperfeiçoamento::NOUN_SENSE::01	lemma::aperfeiçoamento::NOUN_SENSE::01	V2	PENDING_ROLE_LEVEL	ROLE_UNSEEN_002
aperfeiçoamento	1	2	lemma::aperfeiçoamento::NOUN_SENSE::02	lemma::aperfeiçoamento::NOUN_SENSE::02	V3	PENDING_ROLE_LEVEL	ROLE_UNSEEN_002
aperfeiçoamento	1	3	lemma::aperfeiçoamento::NOUN_SENSE::03	lemma::aperfeiçoamento::NOUN_SENSE::03	V2	PENDING_ROLE_LEVEL	ROLE_UNSEEN_002
aperfeiçoamento	1	5	lemma::aperfeiçoamento::NOUN_SENSE::05	lemma::aperfeiçoamento::NOUN_SENSE::05	V2	PENDING_ROLE_LEVEL	ROLE_UNSEEN_002
aperto	1	3	lemma::aperto::NOUN_SENSE::03	lemma::aperto::NOUN_SENSE::03	V2	PENDING_ROLE_LEVEL	ROLE_UNSEEN_002
aplicação	1	2	lemma::aplicação::NOUN_SENSE::02	lemma::aplicação::NOUN_SENSE::02	V2	PENDING_ROLE_LEVEL	ROLE_UNSEEN_002
aplicação	1	3	lemma::aplicação::NOUN_SENSE::03	lemma::aplicação::NOUN_SENSE::03	V2	PENDING_ROLE_LEVEL	ROLE_UNSEEN_002
aplicação	1	4	lemma::aplicação::NOUN_SENSE::04	lemma::aplicação::NOUN_SENSE::04	V3	PENDING_ROLE_LEVEL	ROLE_UNSEEN_002
aplicação	1	5	lemma::aplicação::NOUN_SENSE::05	lemma::aplicação::NOUN_SENSE::05	V3	PENDING_ROLE_LEVEL	ROLE_UNSEEN_002
aplicação	1	6	lemma::aplicação::NOUN_SENSE::06	lemma::aplicação::NOUN_SENSE::06	V2	PENDING_ROLE_LEVEL	ROLE_UNSEEN_002
aplicação	1	7	lemma::aplicação::NOUN_SENSE::07	lemma::aplicação::NOUN_SENSE::07	V3	PENDING_ROLE_LEVEL	ROLE_UNSEEN_002
apoio	1	1	lemma::apoio::NOUN_SENSE::01	lemma::apoio::NOUN_SENSE::01	V2	PENDING_ROLE_LEVEL	ROLE_UNSEEN_002
apoio	1	2	lemma::apoio::NOUN_SENSE::02	lemma::apoio::NOUN_SENSE::02	V2	PENDING_ROLE_LEVEL	ROLE_UNSEEN_002
apoio	1	4	lemma::apoio::NOUN_SENSE::04	lemma::apoio::NOUN_SENSE::04	V2	PENDING_ROLE_LEVEL	ROLE_UNSEEN_002
apoio	1	5	lemma::apoio::NOUN_SENSE::05	lemma::apoio::NOUN_SENSE::05	V2	PENDING_ROLE_LEVEL	ROLE_UNSEEN_002
aporte	1	1	lemma::aporte::NOUN_SENSE::01	lemma::aporte::NOUN_SENSE::01	V3	PENDING_ROLE_LEVEL	ROLE_UNSEEN_002
aporte	1	2	lemma::aporte::NOUN_SENSE::02	lemma::aporte::NOUN_SENSE::02	V3	PENDING_ROLE_LEVEL	ROLE_UNSEEN_002
aporte	1	3	lemma::aporte::NOUN_SENSE::03	lemma::aporte::NOUN_SENSE::03	V1	PENDING_ROLE_LEVEL	ROLE_UNSEEN_002
aposta	1	2	lemma::aposta::NOUN_SENSE::02	lemma::aposta::NOUN_SENSE::02	V2	PENDING_ROLE_LEVEL	ROLE_UNSEEN_002
apostador	1	1	lemma::apostador::NOUN_SENSE::01	lemma::apostador::NOUN_SENSE::01	V2	PENDING_ROLE_LEVEL	ROLE_UNSEEN_002
apreciação	1	1	lemma::apreciação::NOUN_SENSE::01	lemma::apreciação::NOUN_SENSE::01	V2	PENDING_ROLE_LEVEL	ROLE_UNSEEN_002
apreciação	1	3	lemma::apreciação::NOUN_SENSE::03	lemma::apreciação::NOUN_SENSE::03	V2	PENDING_ROLE_LEVEL	ROLE_UNSEEN_002
apreciação	1	4	lemma::apreciação::NOUN_SENSE::04	lemma::apreciação::NOUN_SENSE::04	V2	PENDING_ROLE_LEVEL	ROLE_UNSEEN_002
apreciação	1	5	lemma::apreciação::NOUN_SENSE::05	lemma::apreciação::NOUN_SENSE::05	V2	PENDING_ROLE_LEVEL	ROLE_UNSEEN_002
apreensão	1	4	lemma::apreensão::NOUN_SENSE::04	lemma::apreensão::NOUN_SENSE::04	V2	PENDING_ROLE_LEVEL	ROLE_UNSEEN_002
aprendizado	1	1	DUPB::L0130_0135::E01::NOUN_SENSE::NEW::001	DUPB::L0130_0135::E01::NOUN_SENSE::NEW::001	V3	PENDING_ROLE_LEVEL	ROLE_UNSEEN_002
aprendizado	1	2	DUPB::L0130_0135::E01::NOUN_SENSE::NEW::002	DUPB::L0130_0135::E01::NOUN_SENSE::NEW::002	V3	PENDING_ROLE_LEVEL	ROLE_UNSEEN_002
aprendizado	1	3	DUPB::L0130_0135::E01::NOUN_SENSE::NEW::003	DUPB::L0130_0135::E01::NOUN_SENSE::NEW::003	V2	PENDING_ROLE_LEVEL	ROLE_UNSEEN_002
apresentador	1	1	lemma::apresentador::NOUN_SENSE::01	lemma::apresentador::NOUN_SENSE::01	V2	PENDING_ROLE_LEVEL	ROLE_UNSEEN_002
apresentação	1	1	lemma::apresentação::NOUN_SENSE::01	lemma::apresentação::NOUN_SENSE::01	V3	PENDING_ROLE_LEVEL	ROLE_UNSEEN_002
apresentação	1	2	lemma::apresentação::NOUN_SENSE::02	lemma::apresentação::NOUN_SENSE::02	V3	PENDING_ROLE_LEVEL	ROLE_UNSEEN_002
apresentação	1	3	lemma::apresentação::NOUN_SENSE::03	lemma::apresentação::NOUN_SENSE::03	V3	PENDING_ROLE_LEVEL	ROLE_UNSEEN_002
apresentação	1	4	lemma::apresentação::NOUN_SENSE::04	lemma::apresentação::NOUN_SENSE::04	V3	PENDING_ROLE_LEVEL	ROLE_UNSEEN_002
apresentação	1	5	lemma::apresentação::NOUN_SENSE::05	lemma::apresentação::NOUN_SENSE::05	V3	PENDING_ROLE_LEVEL	ROLE_UNSEEN_002
apreço	1	2	lemma::apreço::NOUN_SENSE::02	lemma::apreço::NOUN_SENSE::02	V2	PENDING_ROLE_LEVEL	ROLE_UNSEEN_002
aprimoramento	1	1	lemma::aprimoramento::NOUN_SENSE::01	lemma::aprimoramento::NOUN_SENSE::01	V2	PENDING_ROLE_LEVEL	ROLE_UNSEEN_002
aprimoramento	1	2	lemma::aprimoramento::NOUN_SENSE::02	lemma::aprimoramento::NOUN_SENSE::02	V2	PENDING_ROLE_LEVEL	ROLE_UNSEEN_002
aprovação	1	1	lemma::aprovação::NOUN_SENSE::01	lemma::aprovação::NOUN_SENSE::01	V2	PENDING_ROLE_LEVEL	ROLE_UNSEEN_002
aprovação	1	2	lemma::aprovação::NOUN_SENSE::02	lemma::aprovação::NOUN_SENSE::02	V3	PENDING_ROLE_LEVEL	ROLE_UNSEEN_002
aprovação	1	4	lemma::aprovação::NOUN_SENSE::04	lemma::aprovação::NOUN_SENSE::04	V2	PENDING_ROLE_LEVEL	ROLE_UNSEEN_002
aprovação	1	5	lemma::aprovação::NOUN_SENSE::05	lemma::aprovação::NOUN_SENSE::05	V2	PENDING_ROLE_LEVEL	ROLE_UNSEEN_002
aprovação	1	6	lemma::aprovação::NOUN_SENSE::06	lemma::aprovação::NOUN_SENSE::06	V2	PENDING_ROLE_LEVEL	ROLE_UNSEEN_002
aproveitamento	1	1	lemma::aproveitamento::NOUN_SENSE::01	lemma::aproveitamento::NOUN_SENSE::01	V2	PENDING_ROLE_LEVEL	ROLE_UNSEEN_002
aproximação	1	1	lemma::aproximação::NOUN_SENSE::01	lemma::aproximação::NOUN_SENSE::01	V2	PENDING_ROLE_LEVEL	ROLE_UNSEEN_002
aproximação	1	2	lemma::aproximação::NOUN_SENSE::02	lemma::aproximação::NOUN_SENSE::02	V2	PENDING_ROLE_LEVEL	ROLE_UNSEEN_002
aproximação	1	3	lemma::aproximação::NOUN_SENSE::03	lemma::aproximação::NOUN_SENSE::03	V2	PENDING_ROLE_LEVEL	ROLE_UNSEEN_002
aproximação	1	6	lemma::aproximação::NOUN_SENSE::06	lemma::aproximação::NOUN_SENSE::06	V2	PENDING_ROLE_LEVEL	ROLE_UNSEEN_002
aproximação	1	7	lemma::aproximação::NOUN_SENSE::07	lemma::aproximação::NOUN_SENSE::07	V2	PENDING_ROLE_LEVEL	ROLE_UNSEEN_002
apuração	1	1	lemma::apuração::NOUN_SENSE::01	lemma::apuração::NOUN_SENSE::01	V2	PENDING_ROLE_LEVEL	ROLE_UNSEEN_002
apuração	1	3	lemma::apuração::NOUN_SENSE::03	lemma::apuração::NOUN_SENSE::03	V3	PENDING_ROLE_LEVEL	ROLE_UNSEEN_002
apuração	1	4	lemma::apuração::NOUN_SENSE::04	lemma::apuração::NOUN_SENSE::04	V2	PENDING_ROLE_LEVEL	ROLE_UNSEEN_002
aquisição	1	1	lemma::aquisição::NOUN_SENSE::01	lemma::aquisição::NOUN_SENSE::01	V4	PENDING_ROLE_LEVEL	ROLE_UNSEEN_002
aquisição	1	2	lemma::aquisição::NOUN_SENSE::02	lemma::aquisição::NOUN_SENSE::02	V2	PENDING_ROLE_LEVEL	ROLE_UNSEEN_002
aquisição	1	4	lemma::aquisição::NOUN_SENSE::04	lemma::aquisição::NOUN_SENSE::04	V2	PENDING_ROLE_LEVEL	ROLE_UNSEEN_002
arauto	1	1	lemma::arauto::NOUN_SENSE::01	lemma::arauto::NOUN_SENSE::01	V1	PENDING_ROLE_LEVEL	ROLE_UNSEEN_002
arauto	1	2	lemma::arauto::NOUN_SENSE::02	lemma::arauto::NOUN_SENSE::02	V1	PENDING_ROLE_LEVEL	ROLE_UNSEEN_002
arbitragem	1	1	lemma::arbitragem::NOUN_SENSE::01	lemma::arbitragem::NOUN_SENSE::01	V2	PENDING_ROLE_LEVEL	ROLE_UNSEEN_002
arranjo	1	3	lemma::arranjo::NOUN_SENSE::03	lemma::arranjo::NOUN_SENSE::03	V3	PENDING_ROLE_LEVEL	ROLE_UNSEEN_002
arranjo	1	4	lemma::arranjo::NOUN_SENSE::04	lemma::arranjo::NOUN_SENSE::04	V3	PENDING_ROLE_LEVEL	ROLE_UNSEEN_002
arranjo	1	6	lemma::arranjo::NOUN_SENSE::06	lemma::arranjo::NOUN_SENSE::06	V3	PENDING_ROLE_LEVEL	ROLE_EXACT_EVIDENCE_RECOVERY_001
arranjo	1	7	lemma::arranjo::NOUN_SENSE::07	lemma::arranjo::NOUN_SENSE::07	V3	PENDING_ROLE_LEVEL	ROLE_EXACT_EVIDENCE_RECOVERY_001
arte	1	7	lemma::arte::NOUN_SENSE::07	lemma::arte::NOUN_SENSE::07	V1	PENDING_ROLE_LEVEL	ROLE_UNSEEN_002
arte	1	10	lemma::arte::NOUN_SENSE::10	lemma::arte::NOUN_SENSE::10	V1	PENDING_ROLE_LEVEL	ROLE_UNSEEN_002
ascensão	1	4	lemma::ascensão::NOUN_SENSE::04	lemma::ascensão::NOUN_SENSE::04	V2	PENDING_ROLE_LEVEL	ROLE_UNSEEN_002
ascensão	1	5	lemma::ascensão::NOUN_SENSE::05	lemma::ascensão::NOUN_SENSE::05	V2	PENDING_ROLE_LEVEL	ROLE_UNSEEN_002
assalto	1	1	lemma::assalto::NOUN_SENSE::01	lemma::assalto::NOUN_SENSE::01	V2	PENDING_ROLE_LEVEL	ROLE_UNSEEN_002
assalto	1	2	lemma::assalto::NOUN_SENSE::02	lemma::assalto::NOUN_SENSE::02	V2	PENDING_ROLE_LEVEL	ROLE_UNSEEN_002
assalto	1	3	lemma::assalto::NOUN_SENSE::03	lemma::assalto::NOUN_SENSE::03	V2	PENDING_ROLE_LEVEL	ROLE_UNSEEN_002
assassinato	1	1	lemma::assassinato::NOUN_SENSE::01	lemma::assassinato::NOUN_SENSE::01	V2	PENDING_ROLE_LEVEL	ROLE_UNSEEN_002
assassino	1	2	lemma::assassino::NOUN_SENSE::02	lemma::assassino::NOUN_SENSE::02	V1	PENDING_ROLE_LEVEL	ROLE_UNSEEN_002
assassino	1	3	lemma::assassino::NOUN_SENSE::03	lemma::assassino::NOUN_SENSE::03	V1	PENDING_ROLE_LEVEL	ROLE_UNSEEN_002
assassino	1	4	lemma::assassino::NOUN_SENSE::04	lemma::assassino::NOUN_SENSE::04	V1	PENDING_ROLE_LEVEL	ROLE_UNSEEN_002
assessoria	1	1	lemma::assessoria::NOUN_SENSE::01	lemma::assessoria::NOUN_SENSE::01	V3	PENDING_ROLE_LEVEL	ROLE_UNSEEN_002
assinatura	1	1	lemma::assinatura::NOUN_SENSE::01	lemma::assinatura::NOUN_SENSE::01	V2	PENDING_ROLE_LEVEL	ROLE_UNSEEN_002
assinatura	1	2	lemma::assinatura::NOUN_SENSE::02	lemma::assinatura::NOUN_SENSE::02	V2	PENDING_ROLE_LEVEL	ROLE_UNSEEN_002
assistente	1	2	lemma::assistente::NOUN_SENSE::02	lemma::assistente::NOUN_SENSE::02	V1	PENDING_ROLE_LEVEL	ROLE_UNSEEN_002
assistente	1	3	lemma::assistente::NOUN_SENSE::03	lemma::assistente::NOUN_SENSE::03	V1	PENDING_ROLE_LEVEL	ROLE_UNSEEN_002
assistência	1	1	lemma::assistência::NOUN_SENSE::01	lemma::assistência::NOUN_SENSE::01	V2	PENDING_ROLE_LEVEL	ROLE_UNSEEN_002
assistência	1	2	lemma::assistência::NOUN_SENSE::02	lemma::assistência::NOUN_SENSE::02	V2	PENDING_ROLE_LEVEL	ROLE_UNSEEN_002
assistência	1	3	lemma::assistência::NOUN_SENSE::03	lemma::assistência::NOUN_SENSE::03	V2	PENDING_ROLE_LEVEL	ROLE_UNSEEN_002
assistência	1	4	lemma::assistência::NOUN_SENSE::04	lemma::assistência::NOUN_SENSE::04	V2	PENDING_ROLE_LEVEL	ROLE_UNSEEN_002
assistência	1	5	lemma::assistência::NOUN_SENSE::05	lemma::assistência::NOUN_SENSE::05	V2	PENDING_ROLE_LEVEL	ROLE_UNSEEN_002
associação	1	2	lemma::associação::NOUN_SENSE::02	lemma::associação::NOUN_SENSE::02	V2	PENDING_ROLE_LEVEL	ROLE_UNSEEN_002
associação	1	4	lemma::associação::NOUN_SENSE::04	lemma::associação::NOUN_SENSE::04	V2	PENDING_ROLE_LEVEL	ROLE_UNSEEN_002
assédio	1	1	lemma::assédio::NOUN_SENSE::01	lemma::assédio::NOUN_SENSE::01	V2	PENDING_ROLE_LEVEL	ROLE_UNSEEN_002
assédio	1	2	lemma::assédio::NOUN_SENSE::02	lemma::assédio::NOUN_SENSE::02	V2	PENDING_ROLE_LEVEL	ROLE_UNSEEN_002
assédio	1	3	lemma::assédio::NOUN_SENSE::03	lemma::assédio::NOUN_SENSE::03	V2	PENDING_ROLE_LEVEL	ROLE_UNSEEN_002
ata	1	1	DUPB::L0164_0117::E01::NOUN_SENSE::NEW::001	DUPB::L0164_0117::E01::NOUN_SENSE::NEW::001	V1	PENDING_ROLE_LEVEL	ROLE_UNSEEN_002
ataque	1	1	lemma::ataque::NOUN_SENSE::01	lemma::ataque::NOUN_SENSE::01	V2	PENDING_ROLE_LEVEL	ROLE_UNSEEN_002
ataque	1	2	lemma::ataque::NOUN_SENSE::02	lemma::ataque::NOUN_SENSE::02	V2	PENDING_ROLE_LEVEL	ROLE_UNSEEN_002
ataque	1	3	lemma::ataque::NOUN_SENSE::03	lemma::ataque::NOUN_SENSE::03	V2	PENDING_ROLE_LEVEL	ROLE_UNSEEN_002
atendimento	1	2	lemma::atendimento::NOUN_SENSE::02	lemma::atendimento::NOUN_SENSE::02	V2	PENDING_ROLE_LEVEL	ROLE_UNSEEN_002
atendimento	1	3	lemma::atendimento::NOUN_SENSE::03	lemma::atendimento::NOUN_SENSE::03	V2	PENDING_ROLE_LEVEL	ROLE_UNSEEN_002
atentado	1	1	lemma::atentado::NOUN_SENSE::01	lemma::atentado::NOUN_SENSE::01	V2	PENDING_ROLE_LEVEL	ROLE_UNSEEN_002
atentado	1	3	lemma::atentado::NOUN_SENSE::03	lemma::atentado::NOUN_SENSE::03	V2	PENDING_ROLE_LEVEL	ROLE_UNSEEN_002
aterro	1	1	lemma::aterro::NOUN_SENSE::01	lemma::aterro::NOUN_SENSE::01	V3	PENDING_ROLE_LEVEL	ROLE_UNSEEN_002
atribuição	1	1	lemma::atribuição::NOUN_SENSE::01	lemma::atribuição::NOUN_SENSE::01	V3	PENDING_ROLE_LEVEL	ROLE_EXACT_EVIDENCE_RECOVERY_001
atribuição	1	2	lemma::atribuição::NOUN_SENSE::02	lemma::atribuição::NOUN_SENSE::02	V3	PENDING_ROLE_LEVEL	ROLE_EXACT_EVIDENCE_RECOVERY_001
atribuição	1	4	lemma::atribuição::NOUN_SENSE::04	lemma::atribuição::NOUN_SENSE::04	V2	PENDING_ROLE_LEVEL	ROLE_UNSEEN_002
atrito	1	3	lemma::atrito::NOUN_SENSE::03	lemma::atrito::NOUN_SENSE::03	V2	PENDING_ROLE_LEVEL	ROLE_UNSEEN_002
atualização	1	1	lemma::atualização::NOUN_SENSE::01	lemma::atualização::NOUN_SENSE::01	V2	PENDING_ROLE_LEVEL	ROLE_UNSEEN_002
audiência	1	3	lemma::audiência::NOUN_SENSE::03	lemma::audiência::NOUN_SENSE::03	V2	PENDING_ROLE_LEVEL	ROLE_UNSEEN_002
aumento	1	1	lemma::aumento::NOUN_SENSE::01	lemma::aumento::NOUN_SENSE::01	V2	PENDING_ROLE_LEVEL	ROLE_UNSEEN_002
ausência	1	7	lemma::ausência::NOUN_SENSE::07	lemma::ausência::NOUN_SENSE::07	V2	PENDING_ROLE_LEVEL	ROLE_UNSEEN_002
autonomia	1	6	lemma::autonomia::NOUN_SENSE::06	lemma::autonomia::NOUN_SENSE::06	V1	PENDING_ROLE_LEVEL	ROLE_UNSEEN_002
autor	1	1	lemma::autor::NOUN_SENSE::01	lemma::autor::NOUN_SENSE::01	V1	PENDING_ROLE_LEVEL	ROLE_UNSEEN_002
autor	1	2	lemma::autor::NOUN_SENSE::02	lemma::autor::NOUN_SENSE::02	V2	PENDING_ROLE_LEVEL	ROLE_UNSEEN_002
autor	1	3	lemma::autor::NOUN_SENSE::03	lemma::autor::NOUN_SENSE::03	V1	PENDING_ROLE_LEVEL	ROLE_UNSEEN_002
autor	1	4	lemma::autor::NOUN_SENSE::04	lemma::autor::NOUN_SENSE::04	V1	PENDING_ROLE_LEVEL	ROLE_UNSEEN_002
autor	1	5	lemma::autor::NOUN_SENSE::05	lemma::autor::NOUN_SENSE::05	V1	PENDING_ROLE_LEVEL	ROLE_UNSEEN_002
autor	1	6	lemma::autor::NOUN_SENSE::06	lemma::autor::NOUN_SENSE::06	V1	PENDING_ROLE_LEVEL	ROLE_UNSEEN_002
autor	1	7	lemma::autor::NOUN_SENSE::07	lemma::autor::NOUN_SENSE::07	V2	PENDING_ROLE_LEVEL	ROLE_UNSEEN_002
autoria	1	3	lemma::autoria::NOUN_SENSE::03	lemma::autoria::NOUN_SENSE::03	V2	PENDING_ROLE_LEVEL	ROLE_UNSEEN_002
autorização	1	1	lemma::autorização::NOUN_SENSE::01	lemma::autorização::NOUN_SENSE::01	V3	PENDING_ROLE_LEVEL	ROLE_UNSEEN_002
auxílio	1	1	lemma::auxílio::NOUN_SENSE::01	lemma::auxílio::NOUN_SENSE::01	V2	PENDING_ROLE_LEVEL	ROLE_UNSEEN_002
auxílio	1	2	lemma::auxílio::NOUN_SENSE::02	lemma::auxílio::NOUN_SENSE::02	V2	PENDING_ROLE_LEVEL	ROLE_UNSEEN_002
auxílio	1	3	lemma::auxílio::NOUN_SENSE::03	lemma::auxílio::NOUN_SENSE::03	V2	PENDING_ROLE_LEVEL	ROLE_UNSEEN_002
auxílio	1	4	lemma::auxílio::NOUN_SENSE::04	lemma::auxílio::NOUN_SENSE::04	V3	PENDING_ROLE_LEVEL	ROLE_UNSEEN_002
auxílio	1	5	lemma::auxílio::NOUN_SENSE::05	lemma::auxílio::NOUN_SENSE::05	V2	PENDING_ROLE_LEVEL	ROLE_UNSEEN_002
avaliação	1	1	lemma::avaliação::NOUN_SENSE::01	lemma::avaliação::NOUN_SENSE::01	V3	PENDING_ROLE_LEVEL	ROLE_UNSEEN_002
avaliação	1	2	lemma::avaliação::NOUN_SENSE::02	lemma::avaliação::NOUN_SENSE::02	V3	PENDING_ROLE_LEVEL	ROLE_UNSEEN_002
avaliação	1	3	lemma::avaliação::NOUN_SENSE::03	lemma::avaliação::NOUN_SENSE::03	V2	PENDING_ROLE_LEVEL	ROLE_UNSEEN_002
avaliação	1	4	lemma::avaliação::NOUN_SENSE::04	lemma::avaliação::NOUN_SENSE::04	V3	PENDING_ROLE_LEVEL	ROLE_UNSEEN_002
avaliação	1	5	lemma::avaliação::NOUN_SENSE::05	lemma::avaliação::NOUN_SENSE::05	V3	PENDING_ROLE_LEVEL	ROLE_UNSEEN_002
aversão	1	1	lemma::aversão::NOUN_SENSE::01	lemma::aversão::NOUN_SENSE::01	V2	PENDING_ROLE_LEVEL	ROLE_UNSEEN_002
aversão	1	2	lemma::aversão::NOUN_SENSE::02	lemma::aversão::NOUN_SENSE::02	V2	PENDING_ROLE_LEVEL	ROLE_UNSEEN_002
balanço	1	4	lemma::balanço::NOUN_SENSE::04	lemma::balanço::NOUN_SENSE::04	V2	PENDING_ROLE_LEVEL	ROLE_UNSEEN_002
balanço	1	5	lemma::balanço::NOUN_SENSE::05	lemma::balanço::NOUN_SENSE::05	V2	PENDING_ROLE_LEVEL	ROLE_UNSEEN_002
balanço	1	6	lemma::balanço::NOUN_SENSE::06	lemma::balanço::NOUN_SENSE::06	V2	PENDING_ROLE_LEVEL	ROLE_UNSEEN_002
banalização	1	1	lemma::banalização::NOUN_SENSE::01	lemma::banalização::NOUN_SENSE::01	V1	PENDING_ROLE_LEVEL	ROLE_UNSEEN_002
banalização	1	3	lemma::banalização::NOUN_SENSE::03	lemma::banalização::NOUN_SENSE::03	V2	PENDING_ROLE_LEVEL	ROLE_UNSEEN_002
banho	1	6	lemma::banho::NOUN_SENSE::06	lemma::banho::NOUN_SENSE::06	V2	PENDING_ROLE_LEVEL	ROLE_UNSEEN_002
banho	1	7	lemma::banho::NOUN_SENSE::07	lemma::banho::NOUN_SENSE::07	V3	PENDING_ROLE_LEVEL	ROLE_UNSEEN_002
banho	1	8	lemma::banho::NOUN_SENSE::08	lemma::banho::NOUN_SENSE::08	V3	PENDING_ROLE_LEVEL	ROLE_UNSEEN_002
barreira	1	15	DUPB::L0208_0269::E01::NOUN_SENSE::NEW::015	DUPB::L0208_0269::E01::NOUN_SENSE::NEW::015	V1	PENDING_ROLE_LEVEL	ROLE_UNSEEN_002
barreira	1	16	DUPB::L0208_0269::E01::NOUN_SENSE::NEW::016	DUPB::L0208_0269::E01::NOUN_SENSE::NEW::016	V1	PENDING_ROLE_LEVEL	ROLE_UNSEEN_002
batalha	1	4	lemma::batalha::NOUN_SENSE::04	lemma::batalha::NOUN_SENSE::04	V3	PENDING_ROLE_LEVEL	ROLE_UNSEEN_002
batalha	1	5	lemma::batalha::NOUN_SENSE::05	lemma::batalha::NOUN_SENSE::05	V2	PENDING_ROLE_LEVEL	ROLE_UNSEEN_002
batalha	1	7	lemma::batalha::NOUN_SENSE::07	lemma::batalha::NOUN_SENSE::07	V3	PENDING_ROLE_LEVEL	ROLE_UNSEEN_002
batalha	1	8	lemma::batalha::NOUN_SENSE::08	lemma::batalha::NOUN_SENSE::08	V3	PENDING_ROLE_LEVEL	ROLE_UNSEEN_002
batalha	1	9	lemma::batalha::NOUN_SENSE::09	lemma::batalha::NOUN_SENSE::09	V3	PENDING_ROLE_LEVEL	ROLE_UNSEEN_002
batalha	1	11	lemma::batalha::NOUN_SENSE::11	lemma::batalha::NOUN_SENSE::11	V2	PENDING_ROLE_LEVEL	ROLE_UNSEEN_002
batismo	1	3	lemma::batismo::NOUN_SENSE::03	lemma::batismo::NOUN_SENSE::03	V2	PENDING_ROLE_LEVEL	ROLE_UNSEEN_002
batismo	1	4	lemma::batismo::NOUN_SENSE::04	lemma::batismo::NOUN_SENSE::04	V2	PENDING_ROLE_LEVEL	ROLE_UNSEEN_002
batismo	1	6	lemma::batismo::NOUN_SENSE::06	lemma::batismo::NOUN_SENSE::06	V3	PENDING_ROLE_LEVEL	ROLE_UNSEEN_002
batismo	1	7	lemma::batismo::NOUN_SENSE::07	lemma::batismo::NOUN_SENSE::07	V1	PENDING_ROLE_LEVEL	ROLE_UNSEEN_002
batismo	1	9	lemma::batismo::NOUN_SENSE::09	lemma::batismo::NOUN_SENSE::09	V3	PENDING_ROLE_LEVEL	ROLE_UNSEEN_002
bebedor	1	2	lemma::bebedor::NOUN_SENSE::02	lemma::bebedor::NOUN_SENSE::02	V1	PENDING_ROLE_LEVEL	ROLE_UNSEEN_002
bloqueio	1	1	lemma::bloqueio::NOUN_SENSE::01	lemma::bloqueio::NOUN_SENSE::01	V2	PENDING_ROLE_LEVEL	ROLE_UNSEEN_002
bloqueio	1	2	lemma::bloqueio::NOUN_SENSE::02	lemma::bloqueio::NOUN_SENSE::02	V2	PENDING_ROLE_LEVEL	ROLE_UNSEEN_002
bloqueio	1	3	lemma::bloqueio::NOUN_SENSE::03	lemma::bloqueio::NOUN_SENSE::03	V2	PENDING_ROLE_LEVEL	ROLE_UNSEEN_002
bloqueio	1	4	lemma::bloqueio::NOUN_SENSE::04	lemma::bloqueio::NOUN_SENSE::04	V2	PENDING_ROLE_LEVEL	ROLE_UNSEEN_002
bloqueio	1	5	lemma::bloqueio::NOUN_SENSE::05	lemma::bloqueio::NOUN_SENSE::05	V2	PENDING_ROLE_LEVEL	ROLE_UNSEEN_002
bloqueio	1	6	lemma::bloqueio::NOUN_SENSE::06	lemma::bloqueio::NOUN_SENSE::06	V2	PENDING_ROLE_LEVEL	ROLE_UNSEEN_002
bordado	1	3	lemma::bordado::NOUN_SENSE::03	lemma::bordado::NOUN_SENSE::03	V2	PENDING_ROLE_LEVEL	ROLE_UNSEEN_002
briga	1	1	lemma::briga::NOUN_SENSE::01	lemma::briga::NOUN_SENSE::01	V2	PENDING_ROLE_LEVEL	ROLE_UNSEEN_002
briga	1	2	lemma::briga::NOUN_SENSE::02	lemma::briga::NOUN_SENSE::02	V2	PENDING_ROLE_LEVEL	ROLE_UNSEEN_002
briga	1	3	lemma::briga::NOUN_SENSE::03	lemma::briga::NOUN_SENSE::03	V3	PENDING_ROLE_LEVEL	ROLE_UNSEEN_002
brinde	1	1	lemma::brinde::NOUN_SENSE::01	lemma::brinde::NOUN_SENSE::01	V2	PENDING_ROLE_LEVEL	ROLE_UNSEEN_002
candidato	1	1	lemma::candidato::NOUN_SENSE::01	lemma::candidato::NOUN_SENSE::01	V1	PENDING_ROLE_LEVEL	ROLE_UNSEEN_002
cerco	1	1	lemma::cerco::NOUN_SENSE::01	lemma::cerco::NOUN_SENSE::01	V1	PENDING_ROLE_LEVEL	SLOT_SENSE_SPECIFIC_EVIDENCE_RECOVERY_149
cilindragem	1	1	DUPB::L0347_0060::E01::NOUN_SENSE::NEW::001	DUPB::L0347_0060::E01::NOUN_SENSE::NEW::001	V1	PENDING_ROLE_LEVEL	SLOT_SENSE_SPECIFIC_EVIDENCE_RECOVERY_149
circuito	1	10	lemma::circuito::NOUN_SENSE::10	lemma::circuito::NOUN_SENSE::10	V1	PENDING_ROLE_LEVEL	SLOT_SENSE_SPECIFIC_EVIDENCE_RECOVERY_149
circunavegação	1	1	DUPB::L0352_0004::E01::NOUN_SENSE::NEW::001	DUPB::L0352_0004::E01::NOUN_SENSE::NEW::001	V1	PENDING_ROLE_LEVEL	SLOT_SENSE_SPECIFIC_EVIDENCE_RECOVERY_149
citação	1	2	lemma::citação::NOUN_SENSE::02	lemma::citação::NOUN_SENSE::02	V1	PENDING_ROLE_LEVEL	SLOT_SENSE_SPECIFIC_EVIDENCE_RECOVERY_149
citação	1	3	lemma::citação::NOUN_SENSE::03	lemma::citação::NOUN_SENSE::03	V1	PENDING_ROLE_LEVEL	SLOT_SENSE_SPECIFIC_EVIDENCE_RECOVERY_149
co-administração	1	1	DUPB::L0360_0126::E01::NOUN_SENSE::NEW::001	DUPB::L0360_0126::E01::NOUN_SENSE::NEW::001	V1	PENDING_ROLE_LEVEL	SLOT_SENSE_SPECIFIC_EVIDENCE_RECOVERY_149
cobiça	1	1	DUPB::L0361_0193::E01::NOUN_SENSE::NEW::001	DUPB::L0361_0193::E01::NOUN_SENSE::NEW::001	V1	PENDING_ROLE_LEVEL	SLOT_SENSE_SPECIFIC_EVIDENCE_RECOVERY_149
cocção	1	1	DUPB::L0362_0157::E01::NOUN_SENSE::NEW::001	DUPB::L0362_0157::E01::NOUN_SENSE::NEW::001	V1	PENDING_ROLE_LEVEL	SLOT_SENSE_SPECIFIC_EVIDENCE_RECOVERY_149
coesão	1	4	DUPB::L0364_0103::E01::NOUN_SENSE::NEW::004	DUPB::L0364_0103::E01::NOUN_SENSE::NEW::004	V1	PENDING_ROLE_LEVEL	SLOT_SENSE_SPECIFIC_EVIDENCE_RECOVERY_149
colocação	1	2	lemma::colocação::NOUN_SENSE::02	lemma::colocação::NOUN_SENSE::02	V1	PENDING_ROLE_LEVEL	SLOT_SENSE_SPECIFIC_EVIDENCE_RECOVERY_149
colocação	1	4	lemma::colocação::NOUN_SENSE::04	lemma::colocação::NOUN_SENSE::04	V1	PENDING_ROLE_LEVEL	SLOT_SENSE_SPECIFIC_EVIDENCE_RECOVERY_149
combate	1	2	lemma::combate::NOUN_SENSE::02	lemma::combate::NOUN_SENSE::02	V1	PENDING_ROLE_LEVEL	SLOT_SENSE_SPECIFIC_EVIDENCE_RECOVERY_149
cominação	1	2	DUPB::L0376_0118::E01::NOUN_SENSE::NEW::002	DUPB::L0376_0118::E01::NOUN_SENSE::NEW::002	V1	PENDING_ROLE_LEVEL	SLOT_SENSE_SPECIFIC_EVIDENCE_RECOVERY_149
compaixão	1	1	DUPB::L0378_0092::E01::NOUN_SENSE::NEW::001	DUPB::L0378_0092::E01::NOUN_SENSE::NEW::001	V1	PENDING_ROLE_LEVEL	SLOT_SENSE_SPECIFIC_EVIDENCE_RECOVERY_149
comparabilidade	1	1	DUPB::L0378_0162::E01::NOUN_SENSE::NEW::001	DUPB::L0378_0162::E01::NOUN_SENSE::NEW::001	V1	PENDING_ROLE_LEVEL	SLOT_SENSE_SPECIFIC_EVIDENCE_RECOVERY_149
comparação	1	1	lemma::comparação::NOUN_SENSE::01	lemma::comparação::NOUN_SENSE::01	V2	PENDING_ROLE_LEVEL	ROLE_UNSEEN_002
comparticipação	1	1	DUPB::L0378_0273::E01::NOUN_SENSE::NEW::001	DUPB::L0378_0273::E01::NOUN_SENSE::NEW::001	V1	PENDING_ROLE_LEVEL	SLOT_SENSE_SPECIFIC_EVIDENCE_RECOVERY_149
compartilhamento	1	1	DUPB::L0379_0010::E01::NOUN_SENSE::NEW::001	DUPB::L0379_0010::E01::NOUN_SENSE::NEW::001	V3	PENDING_ROLE_LEVEL	ROLE_EXACT_EVIDENCE_RECOVERY_001
compensação	1	2	lemma::compensação::NOUN_SENSE::02	lemma::compensação::NOUN_SENSE::02	V1	PENDING_ROLE_LEVEL	SLOT_SENSE_SPECIFIC_EVIDENCE_RECOVERY_149
compensação	1	4	lemma::compensação::NOUN_SENSE::04	lemma::compensação::NOUN_SENSE::04	V1	PENDING_ROLE_LEVEL	SLOT_SENSE_SPECIFIC_EVIDENCE_RECOVERY_149
complacência	1	1	lemma::complacência::NOUN_SENSE::01	lemma::complacência::NOUN_SENSE::01	V1	PENDING_ROLE_LEVEL	SLOT_SENSE_SPECIFIC_EVIDENCE_RECOVERY_149
complementação	1	2	DUPB::L0380_0269::E01::NOUN_SENSE::NEW::002	DUPB::L0380_0269::E01::NOUN_SENSE::NEW::002	V1	PENDING_ROLE_LEVEL	SLOT_SENSE_SPECIFIC_EVIDENCE_RECOVERY_149
componente	1	3	lemma::componente::NOUN_SENSE::03	lemma::componente::NOUN_SENSE::03	V1	PENDING_ROLE_LEVEL	SLOT_SENSE_SPECIFIC_EVIDENCE_RECOVERY_149
compostura	1	1	DUPB::L0382_0254::E01::NOUN_SENSE::NEW::001	DUPB::L0382_0254::E01::NOUN_SENSE::NEW::001	V1	PENDING_ROLE_LEVEL	SLOT_SENSE_SPECIFIC_EVIDENCE_RECOVERY_149
compromisso	1	4	lemma::compromisso::NOUN_SENSE::04	lemma::compromisso::NOUN_SENSE::04	V1	PENDING_ROLE_LEVEL	SLOT_SENSE_SPECIFIC_EVIDENCE_RECOVERY_149
comunicação	1	5	lemma::comunicação::NOUN_SENSE::05	lemma::comunicação::NOUN_SENSE::05	V1	PENDING_ROLE_LEVEL	SLOT_SENSE_SPECIFIC_EVIDENCE_RECOVERY_149
comunidade	1	5	lemma::comunidade::NOUN_SENSE::05	lemma::comunidade::NOUN_SENSE::05	V1	PENDING_ROLE_LEVEL	SLOT_SENSE_SPECIFIC_EVIDENCE_RECOVERY_149
comutação	1	2	DUPB::L0386_0209::E01::NOUN_SENSE::NEW::002	DUPB::L0386_0209::E01::NOUN_SENSE::NEW::002	V1	PENDING_ROLE_LEVEL	SLOT_SENSE_SPECIFIC_EVIDENCE_RECOVERY_149
concordância	1	2	DUPB::L0390_0006::E01::NOUN_SENSE::NEW::002	DUPB::L0390_0006::E01::NOUN_SENSE::NEW::002	V1	PENDING_ROLE_LEVEL	SLOT_SENSE_SPECIFIC_EVIDENCE_RECOVERY_149
concordância	1	3	DUPB::L0390_0006::E01::NOUN_SENSE::NEW::003	DUPB::L0390_0006::E01::NOUN_SENSE::NEW::003	V1	PENDING_ROLE_LEVEL	SLOT_SENSE_SPECIFIC_EVIDENCE_RECOVERY_149
concurso	1	3	lemma::concurso::NOUN_SENSE::03	lemma::concurso::NOUN_SENSE::03	V1	PENDING_ROLE_LEVEL	SLOT_SENSE_SPECIFIC_EVIDENCE_RECOVERY_149
condensação	1	5	DUPB::L0391_0160::E01::NOUN_SENSE::NEW::005	DUPB::L0391_0160::E01::NOUN_SENSE::NEW::005	V1	PENDING_ROLE_LEVEL	SLOT_SENSE_SPECIFIC_EVIDENCE_RECOVERY_149
condoimento	1	1	DUPB::L0392_0184::E01::NOUN_SENSE::NEW::001	DUPB::L0392_0184::E01::NOUN_SENSE::NEW::001	V1	PENDING_ROLE_LEVEL	SLOT_SENSE_SPECIFIC_EVIDENCE_RECOVERY_149
conduta	1	1	lemma::conduta::NOUN_SENSE::01	lemma::conduta::NOUN_SENSE::01	V1	PENDING_ROLE_LEVEL	SLOT_SENSE_SPECIFIC_EVIDENCE_RECOVERY_149
condução	1	1	lemma::condução::NOUN_SENSE::01	lemma::condução::NOUN_SENSE::01	V1	PENDING_ROLE_LEVEL	SLOT_SENSE_SPECIFIC_EVIDENCE_RECOVERY_149
conectividade	1	1	DUPB::L0393_0170::E01::NOUN_SENSE::NEW::001	DUPB::L0393_0170::E01::NOUN_SENSE::NEW::001	V1	PENDING_ROLE_LEVEL	SLOT_SENSE_SPECIFIC_EVIDENCE_RECOVERY_149
configuração	1	6	DUPB::L0395_0028::E01::NOUN_SENSE::NEW::006	DUPB::L0395_0028::E01::NOUN_SENSE::NEW::006	V1	PENDING_ROLE_LEVEL	SLOT_SENSE_SPECIFIC_EVIDENCE_RECOVERY_149
confisco	1	1	DUPB::L0395_0216::E01::NOUN_SENSE::NEW::001	DUPB::L0395_0216::E01::NOUN_SENSE::NEW::001	V1	PENDING_ROLE_LEVEL	SLOT_SENSE_SPECIFIC_EVIDENCE_RECOVERY_149
confissão	1	5	lemma::confissão::NOUN_SENSE::05	lemma::confissão::NOUN_SENSE::05	V1	PENDING_ROLE_LEVEL	SLOT_SENSE_SPECIFIC_EVIDENCE_RECOVERY_149
confronto	1	2	lemma::confronto::NOUN_SENSE::02	lemma::confronto::NOUN_SENSE::02	V1	PENDING_ROLE_LEVEL	SLOT_SENSE_SPECIFIC_EVIDENCE_RECOVERY_149
conquista	1	3	lemma::conquista::NOUN_SENSE::03	lemma::conquista::NOUN_SENSE::03	V1	PENDING_ROLE_LEVEL	SLOT_SENSE_SPECIFIC_EVIDENCE_RECOVERY_149
consagração	1	3	lemma::consagração::NOUN_SENSE::03	lemma::consagração::NOUN_SENSE::03	V1	PENDING_ROLE_LEVEL	SLOT_SENSE_SPECIFIC_EVIDENCE_RECOVERY_149
consciência	1	6	lemma::consciência::NOUN_SENSE::06	lemma::consciência::NOUN_SENSE::06	V1	PENDING_ROLE_LEVEL	SLOT_SENSE_SPECIFIC_EVIDENCE_RECOVERY_149
consentimento	1	2	lemma::consentimento::NOUN_SENSE::02	lemma::consentimento::NOUN_SENSE::02	V1	PENDING_ROLE_LEVEL	SLOT_SENSE_SPECIFIC_EVIDENCE_RECOVERY_149
consentimento	1	3	lemma::consentimento::NOUN_SENSE::03	lemma::consentimento::NOUN_SENSE::03	V1	PENDING_ROLE_LEVEL	SLOT_SENSE_SPECIFIC_EVIDENCE_RECOVERY_149
conservação	1	1	DUPB::L0403_0035::E01::NOUN_SENSE::NEW::001	DUPB::L0403_0035::E01::NOUN_SENSE::NEW::001	V1	PENDING_ROLE_LEVEL	SLOT_SENSE_SPECIFIC_EVIDENCE_RECOVERY_149
conservação	1	2	DUPB::L0403_0035::E01::NOUN_SENSE::NEW::002	DUPB::L0403_0035::E01::NOUN_SENSE::NEW::002	V1	PENDING_ROLE_LEVEL	SLOT_SENSE_SPECIFIC_EVIDENCE_RECOVERY_149
consolação	1	2	DUPB::L0404_0061::E01::NOUN_SENSE::NEW::002	DUPB::L0404_0061::E01::NOUN_SENSE::NEW::002	V1	PENDING_ROLE_LEVEL	SLOT_SENSE_SPECIFIC_EVIDENCE_RECOVERY_149
consonância	1	1	DUPB::L0404_0194::E01::NOUN_SENSE::NEW::001	DUPB::L0404_0194::E01::NOUN_SENSE::NEW::001	V1	PENDING_ROLE_LEVEL	SLOT_SENSE_SPECIFIC_EVIDENCE_RECOVERY_149
contigüidade	1	1	DUPB::L0410_0203::E01::NOUN_SENSE::NEW::001	DUPB::L0410_0203::E01::NOUN_SENSE::NEW::001	V1	PENDING_ROLE_LEVEL	SLOT_SENSE_SPECIFIC_EVIDENCE_RECOVERY_149
contingência	1	2	DUPB::L0410_0257::E01::NOUN_SENSE::NEW::002	DUPB::L0410_0257::E01::NOUN_SENSE::NEW::002	V1	PENDING_ROLE_LEVEL	SLOT_SENSE_SPECIFIC_EVIDENCE_RECOVERY_149
contrafação/contrafacção	1	1	DUPB::L0412_0278::E01::NOUN_SENSE::NEW::001	DUPB::L0412_0278::E01::NOUN_SENSE::NEW::001	V1	PENDING_ROLE_LEVEL	SLOT_SENSE_SPECIFIC_EVIDENCE_RECOVERY_149
contrafação/contrafacção	1	3	DUPB::L0412_0278::E01::NOUN_SENSE::NEW::003	DUPB::L0412_0278::E01::NOUN_SENSE::NEW::003	V1	PENDING_ROLE_LEVEL	SLOT_SENSE_SPECIFIC_EVIDENCE_RECOVERY_149
contraponto	1	2	lemma::contraponto::NOUN_SENSE::02	lemma::contraponto::NOUN_SENSE::02	V1	PENDING_ROLE_LEVEL	SLOT_SENSE_SPECIFIC_EVIDENCE_RECOVERY_149
contraposição	1	1	DUPB::L0414_0073::E01::NOUN_SENSE::NEW::001	DUPB::L0414_0073::E01::NOUN_SENSE::NEW::001	V1	PENDING_ROLE_LEVEL	SLOT_SENSE_SPECIFIC_EVIDENCE_RECOVERY_149
conversibilidade	1	1	DUPB::L0418_0179::E01::NOUN_SENSE::NEW::001	DUPB::L0418_0179::E01::NOUN_SENSE::NEW::001	V1	PENDING_ROLE_LEVEL	SLOT_SENSE_SPECIFIC_EVIDENCE_RECOVERY_149
coordenação	1	1	lemma::coordenação::NOUN_SENSE::01	lemma::coordenação::NOUN_SENSE::01	V1	PENDING_ROLE_LEVEL	SLOT_SENSE_SPECIFIC_EVIDENCE_RECOVERY_149
coragem	1	1	lemma::coragem::NOUN_SENSE::01	lemma::coragem::NOUN_SENSE::01	V2	PENDING_ROLE_LEVEL	ROLE_UNSEEN_002
coragem	1	4	lemma::coragem::NOUN_SENSE::04	lemma::coragem::NOUN_SENSE::04	V1	PENDING_ROLE_LEVEL	SLOT_SENSE_SPECIFIC_EVIDENCE_RECOVERY_149
corujismo	1	1	DUPB::L0431_0278::E01::NOUN_SENSE::NEW::001	DUPB::L0431_0278::E01::NOUN_SENSE::NEW::001	V1	PENDING_ROLE_LEVEL	SLOT_SENSE_SPECIFIC_EVIDENCE_RECOVERY_149
cosmovisão	1	1	DUPB::L0432_0233::E01::NOUN_SENSE::NEW::001	DUPB::L0432_0233::E01::NOUN_SENSE::NEW::001	V1	PENDING_ROLE_LEVEL	SLOT_SENSE_SPECIFIC_EVIDENCE_RECOVERY_149
cria	1	4	DUPB::L0439_0169::E01::NOUN_SENSE::NEW::004	DUPB::L0439_0169::E01::NOUN_SENSE::NEW::004	V1	PENDING_ROLE_LEVEL	SLOT_SENSE_SPECIFIC_EVIDENCE_RECOVERY_149
cumplicidade	1	3	DUPB::L0450_0005::E01::NOUN_SENSE::NEW::003	DUPB::L0450_0005::E01::NOUN_SENSE::NEW::003	V1	PENDING_ROLE_LEVEL	SLOT_SENSE_SPECIFIC_EVIDENCE_RECOVERY_149
curiosidade	1	4	lemma::curiosidade::NOUN_SENSE::04	lemma::curiosidade::NOUN_SENSE::04	V2	PENDING_ROLE_LEVEL	ROLE_UNSEEN_002
defesa	1	1	lemma::defesa::NOUN_SENSE::01	lemma::defesa::NOUN_SENSE::01	V1	PENDING_ROLE_LEVEL	SLOT_SENSE_SPECIFIC_EVIDENCE_RECOVERY_149
denegação	1	1	DUPB::L0472_0204::E01::NOUN_SENSE::NEW::001	DUPB::L0472_0204::E01::NOUN_SENSE::NEW::001	V1	PENDING_ROLE_LEVEL	SLOT_SENSE_SPECIFIC_EVIDENCE_RECOVERY_149
denúncia	1	1	lemma::denúncia::NOUN_SENSE::01	lemma::denúncia::NOUN_SENSE::01	V2	PENDING_ROLE_LEVEL	ROLE_UNSEEN_002
desabono	1	1	DUPB::L0478_0161::E01::NOUN_SENSE::NEW::001	DUPB::L0478_0161::E01::NOUN_SENSE::NEW::001	V1	PENDING_ROLE_LEVEL	SLOT_SENSE_SPECIFIC_EVIDENCE_RECOVERY_149
desamor	1	1	DUPB::L0481_0068::E01::NOUN_SENSE::NEW::001	DUPB::L0481_0068::E01::NOUN_SENSE::NEW::001	V1	PENDING_ROLE_LEVEL	SLOT_SENSE_SPECIFIC_EVIDENCE_RECOVERY_149
desapego	1	1	DUPB::L0481_0248::E01::NOUN_SENSE::NEW::001	DUPB::L0481_0248::E01::NOUN_SENSE::NEW::001	V1	PENDING_ROLE_LEVEL	SLOT_SENSE_SPECIFIC_EVIDENCE_RECOVERY_149
desapreço	1	1	DUPB::L0482_0047::E01::NOUN_SENSE::NEW::001	DUPB::L0482_0047::E01::NOUN_SENSE::NEW::001	V1	PENDING_ROLE_LEVEL	SLOT_SENSE_SPECIFIC_EVIDENCE_RECOVERY_149
desatenção	1	1	DUPB::L0483_0266::E01::NOUN_SENSE::NEW::001	DUPB::L0483_0266::E01::NOUN_SENSE::NEW::001	V1	PENDING_ROLE_LEVEL	SLOT_SENSE_SPECIFIC_EVIDENCE_RECOVERY_149
desbalanço	1	1	DUPB::L0484_0204::E01::NOUN_SENSE::NEW::001	DUPB::L0484_0204::E01::NOUN_SENSE::NEW::001	V1	PENDING_ROLE_LEVEL	SLOT_SENSE_SPECIFIC_EVIDENCE_RECOVERY_149
descontextualização	1	1	DUPB::L0491_0067::E01::NOUN_SENSE::NEW::001	DUPB::L0491_0067::E01::NOUN_SENSE::NEW::001	V1	PENDING_ROLE_LEVEL	SLOT_SENSE_SPECIFIC_EVIDENCE_RECOVERY_149
desejabilidade	1	1	DUPB::L0493_0222::E01::NOUN_SENSE::NEW::001	DUPB::L0493_0222::E01::NOUN_SENSE::NEW::001	V1	PENDING_ROLE_LEVEL	SLOT_SENSE_SPECIFIC_EVIDENCE_RECOVERY_149
desglamourização	1	1	DUPB::L0501_0140::E01::NOUN_SENSE::NEW::001	DUPB::L0501_0140::E01::NOUN_SENSE::NEW::001	V1	PENDING_ROLE_LEVEL	SLOT_SENSE_SPECIFIC_EVIDENCE_RECOVERY_149
desilusão	1	1	DUPB::L0502_0220::E01::NOUN_SENSE::NEW::001	DUPB::L0502_0220::E01::NOUN_SENSE::NEW::001	V1	PENDING_ROLE_LEVEL	SLOT_SENSE_SPECIFIC_EVIDENCE_RECOVERY_149
desincentivo	1	1	DUPB::L0502_0264::E01::NOUN_SENSE::NEW::001	DUPB::L0502_0264::E01::NOUN_SENSE::NEW::001	V1	PENDING_ROLE_LEVEL	SLOT_SENSE_SPECIFIC_EVIDENCE_RECOVERY_149
desistência	1	1	DUPB::L0504_0059::E01::NOUN_SENSE::NEW::001	DUPB::L0504_0059::E01::NOUN_SENSE::NEW::001	V2	PENDING_ROLE_LEVEL	ROLE_UNSEEN_002
desjeito	1	1	DUPB::L0504_0079::E01::NOUN_SENSE::NEW::001	DUPB::L0504_0079::E01::NOUN_SENSE::NEW::001	V1	PENDING_ROLE_LEVEL	SLOT_SENSE_SPECIFIC_EVIDENCE_RECOVERY_149
desmerecimento	1	1	DUPB::L0506_0117::E01::NOUN_SENSE::NEW::001	DUPB::L0506_0117::E01::NOUN_SENSE::NEW::001	V1	PENDING_ROLE_LEVEL	SLOT_SENSE_SPECIFIC_EVIDENCE_RECOVERY_149
desobrigação	1	1	DUPB::L0508_0071::E01::NOUN_SENSE::NEW::001	DUPB::L0508_0071::E01::NOUN_SENSE::NEW::001	V1	PENDING_ROLE_LEVEL	SLOT_SENSE_SPECIFIC_EVIDENCE_RECOVERY_149
desparalelismo	1	1	DUPB::L0509_0246::E01::NOUN_SENSE::NEW::001	DUPB::L0509_0246::E01::NOUN_SENSE::NEW::001	V1	PENDING_ROLE_LEVEL	SLOT_SENSE_SPECIFIC_EVIDENCE_RECOVERY_149
desperdiçador	1	1	DUPB::L0510_0198::E01::NOUN_SENSE::NEW::001	DUPB::L0510_0198::E01::NOUN_SENSE::NEW::001	V1	PENDING_ROLE_LEVEL	SLOT_SENSE_SPECIFIC_EVIDENCE_RECOVERY_149
desplante	1	1	DUPB::L0511_0085::E01::NOUN_SENSE::NEW::001	DUPB::L0511_0085::E01::NOUN_SENSE::NEW::001	V1	PENDING_ROLE_LEVEL	SLOT_SENSE_SPECIFIC_EVIDENCE_RECOVERY_149
despreparo	1	1	DUPB::L0512_0125::E01::NOUN_SENSE::NEW::001	DUPB::L0512_0125::E01::NOUN_SENSE::NEW::001	V1	PENDING_ROLE_LEVEL	SLOT_SENSE_SPECIFIC_EVIDENCE_RECOVERY_149
desqualificação	1	1	DUPB::L0513_0042::E01::NOUN_SENSE::NEW::001	DUPB::L0513_0042::E01::NOUN_SENSE::NEW::001	V1	PENDING_ROLE_LEVEL	SLOT_SENSE_SPECIFIC_EVIDENCE_RECOVERY_149
desvinculação	1	2	DUPB::L0517_0260::E01::NOUN_SENSE::NEW::002	DUPB::L0517_0260::E01::NOUN_SENSE::NEW::002	V1	PENDING_ROLE_LEVEL	SLOT_SENSE_SPECIFIC_EVIDENCE_RECOVERY_149
devotamento	1	1	DUPB::L0521_0101::E01::NOUN_SENSE::NEW::001	DUPB::L0521_0101::E01::NOUN_SENSE::NEW::001	V1	PENDING_ROLE_LEVEL	SLOT_SENSE_SPECIFIC_EVIDENCE_RECOVERY_149
diagramação	1	1	DUPB::L0523_0013::E01::NOUN_SENSE::NEW::001	DUPB::L0523_0013::E01::NOUN_SENSE::NEW::001	V1	PENDING_ROLE_LEVEL	SLOT_SENSE_SPECIFIC_EVIDENCE_RECOVERY_149
direcionador	1	1	DUPB::L0529_0024::E01::NOUN_SENSE::NEW::001	DUPB::L0529_0024::E01::NOUN_SENSE::NEW::001	V1	PENDING_ROLE_LEVEL	SLOT_SENSE_SPECIFIC_EVIDENCE_RECOVERY_149
diretriz	1	1	DUPB::L0530_0170::E01::NOUN_SENSE::NEW::001	DUPB::L0530_0170::E01::NOUN_SENSE::NEW::001	V1	PENDING_ROLE_LEVEL	SLOT_SENSE_SPECIFIC_EVIDENCE_RECOVERY_149
distribuição	1	1	lemma::distribuição::NOUN_SENSE::01	lemma::distribuição::NOUN_SENSE::01	V3	PENDING_ROLE_LEVEL	ROLE_UNSEEN_002
documentário	1	1	lemma::documentário::NOUN_SENSE::01	lemma::documentário::NOUN_SENSE::01	V1	PENDING_ROLE_LEVEL	SLOT_SENSE_SPECIFIC_EVIDENCE_RECOVERY_149
dominação	1	1	lemma::dominação::NOUN_SENSE::01	lemma::dominação::NOUN_SENSE::01	V1	PENDING_ROLE_LEVEL	SLOT_SENSE_SPECIFIC_EVIDENCE_RECOVERY_149
dosagem	1	1	DUPB::L0543_0034::E01::NOUN_SENSE::NEW::001	DUPB::L0543_0034::E01::NOUN_SENSE::NEW::001	V1	PENDING_ROLE_LEVEL	SLOT_SENSE_SPECIFIC_EVIDENCE_RECOVERY_149
enfoque	1	1	lemma::enfoque::NOUN_SENSE::01	lemma::enfoque::NOUN_SENSE::01	V1	PENDING_ROLE_LEVEL	SLOT_SENSE_SPECIFIC_EVIDENCE_RECOVERY_149
enfrentamento	1	2	lemma::enfrentamento::NOUN_SENSE::02	lemma::enfrentamento::NOUN_SENSE::02	V1	PENDING_ROLE_LEVEL	SLOT_SENSE_SPECIFIC_EVIDENCE_RECOVERY_149
epítome	1	1	DUPB::L0606_0040::E01::NOUN_SENSE::NEW::001	DUPB::L0606_0040::E01::NOUN_SENSE::NEW::001	V1	PENDING_ROLE_LEVEL	SLOT_SENSE_SPECIFIC_EVIDENCE_RECOVERY_149
escrituração	1	1	DUPB::L0623_0252::E01::NOUN_SENSE::NEW::001	DUPB::L0623_0252::E01::NOUN_SENSE::NEW::001	V1	PENDING_ROLE_LEVEL	SLOT_SENSE_SPECIFIC_EVIDENCE_RECOVERY_149
especificação	1	2	DUPB::L0635_0063::E01::NOUN_SENSE::NEW::002	DUPB::L0635_0063::E01::NOUN_SENSE::NEW::002	V1	PENDING_ROLE_LEVEL	SLOT_SENSE_SPECIFIC_EVIDENCE_RECOVERY_149
estribo	1	4	DUPB::L0665_0207::E01::NOUN_SENSE::NEW::004	DUPB::L0665_0207::E01::NOUN_SENSE::NEW::004	V1	PENDING_ROLE_LEVEL	SLOT_SENSE_SPECIFIC_EVIDENCE_RECOVERY_149
exibição	1	2	lemma::exibição::NOUN_SENSE::02	lemma::exibição::NOUN_SENSE::02	V1	PENDING_ROLE_LEVEL	SLOT_SENSE_SPECIFIC_EVIDENCE_RECOVERY_149
expectativa	1	3	lemma::expectativa::NOUN_SENSE::03	lemma::expectativa::NOUN_SENSE::03	V2	PENDING_ROLE_LEVEL	ROLE_UNSEEN_002
expectativa	1	4	lemma::expectativa::NOUN_SENSE::04	lemma::expectativa::NOUN_SENSE::04	V2	PENDING_ROLE_LEVEL	ROLE_UNSEEN_002
explanação	1	1	DUPB::L0688_0047::E01::NOUN_SENSE::NEW::001	DUPB::L0688_0047::E01::NOUN_SENSE::NEW::001	V1	PENDING_ROLE_LEVEL	SLOT_SENSE_SPECIFIC_EVIDENCE_RECOVERY_149
extensão	1	3	lemma::extensão::NOUN_SENSE::03	lemma::extensão::NOUN_SENSE::03	V2	PENDING_ROLE_LEVEL	ROLE_UNSEEN_002
faculdade	1	2	lemma::faculdade::NOUN_SENSE::02	lemma::faculdade::NOUN_SENSE::02	V1	PENDING_ROLE_LEVEL	SLOT_SENSE_SPECIFIC_EVIDENCE_RECOVERY_149
falta	1	6	lemma::falta::NOUN_SENSE::06	lemma::falta::NOUN_SENSE::06	V1	PENDING_ROLE_LEVEL	SLOT_SENSE_SPECIFIC_EVIDENCE_RECOVERY_149
fiscalização	1	2	lemma::fiscalização::NOUN_SENSE::02	lemma::fiscalização::NOUN_SENSE::02	V1	PENDING_ROLE_LEVEL	SLOT_SENSE_SPECIFIC_EVIDENCE_RECOVERY_149
fraternização	1	1	DUPB::L0756_0181::E01::NOUN_SENSE::NEW::001	DUPB::L0756_0181::E01::NOUN_SENSE::NEW::001	V1	PENDING_ROLE_LEVEL	SLOT_SENSE_SPECIFIC_EVIDENCE_RECOVERY_149
fusão	1	1	lemma::fusão::NOUN_SENSE::01	lemma::fusão::NOUN_SENSE::01	V2	PENDING_ROLE_LEVEL	ROLE_UNSEEN_002
garantia	1	2	lemma::garantia::NOUN_SENSE::02	lemma::garantia::NOUN_SENSE::02	V1	PENDING_ROLE_LEVEL	SLOT_SENSE_SPECIFIC_EVIDENCE_RECOVERY_149
gastança	1	1	DUPB::L0778_0114::E01::NOUN_SENSE::NEW::001	DUPB::L0778_0114::E01::NOUN_SENSE::NEW::001	V1	PENDING_ROLE_LEVEL	SLOT_SENSE_SPECIFIC_EVIDENCE_RECOVERY_149
habilidade	1	1	lemma::habilidade::NOUN_SENSE::01	lemma::habilidade::NOUN_SENSE::01	V1	PENDING_ROLE_LEVEL	SLOT_SENSE_SPECIFIC_EVIDENCE_RECOVERY_149
habilidade	1	2	lemma::habilidade::NOUN_SENSE::02	lemma::habilidade::NOUN_SENSE::02	V1	PENDING_ROLE_LEVEL	SLOT_SENSE_SPECIFIC_EVIDENCE_RECOVERY_149
herdabilidade	1	1	DUPB::L0819_0094::E01::NOUN_SENSE::NEW::001	DUPB::L0819_0094::E01::NOUN_SENSE::NEW::001	V1	PENDING_ROLE_LEVEL	SLOT_SENSE_SPECIFIC_EVIDENCE_RECOVERY_149
homologia	1	1	DUPB::L0837_0080::E01::NOUN_SENSE::NEW::001	DUPB::L0837_0080::E01::NOUN_SENSE::NEW::001	V1	PENDING_ROLE_LEVEL	SLOT_SENSE_SPECIFIC_EVIDENCE_RECOVERY_149
hábito	1	1	lemma::hábito::NOUN_SENSE::01	lemma::hábito::NOUN_SENSE::01	V1	PENDING_ROLE_LEVEL	SLOT_SENSE_SPECIFIC_EVIDENCE_RECOVERY_149
identidade	1	4	lemma::identidade::NOUN_SENSE::04	lemma::identidade::NOUN_SENSE::04	V1	PENDING_ROLE_LEVEL	SLOT_SENSE_SPECIFIC_EVIDENCE_RECOVERY_149
idiossincrasia	1	1	DUPB::L0846_0111::E01::NOUN_SENSE::NEW::001	DUPB::L0846_0111::E01::NOUN_SENSE::NEW::001	V1	PENDING_ROLE_LEVEL	SLOT_SENSE_SPECIFIC_EVIDENCE_RECOVERY_149
ignorância	1	2	lemma::ignorância::NOUN_SENSE::02	lemma::ignorância::NOUN_SENSE::02	V1	PENDING_ROLE_LEVEL	SLOT_SENSE_SPECIFIC_EVIDENCE_RECOVERY_149
impossibilidade	1	1	DUPB::L0859_0045::E01::NOUN_SENSE::NEW::001	DUPB::L0859_0045::E01::NOUN_SENSE::NEW::001	V1	PENDING_ROLE_LEVEL	SLOT_SENSE_SPECIFIC_EVIDENCE_RECOVERY_149
imunidade	1	1	lemma::imunidade::NOUN_SENSE::01	lemma::imunidade::NOUN_SENSE::01	V1	PENDING_ROLE_LEVEL	SLOT_SENSE_SPECIFIC_EVIDENCE_RECOVERY_149
imunidade	1	2	lemma::imunidade::NOUN_SENSE::02	lemma::imunidade::NOUN_SENSE::02	V1	PENDING_ROLE_LEVEL	SLOT_SENSE_SPECIFIC_EVIDENCE_RECOVERY_149
inadaptação	1	1	DUPB::L0864_0138::E01::NOUN_SENSE::NEW::001	DUPB::L0864_0138::E01::NOUN_SENSE::NEW::001	V1	PENDING_ROLE_LEVEL	SLOT_SENSE_SPECIFIC_EVIDENCE_RECOVERY_149
inadequação	1	1	DUPB::L0864_0165::E01::NOUN_SENSE::NEW::001	DUPB::L0864_0165::E01::NOUN_SENSE::NEW::001	V1	PENDING_ROLE_LEVEL	SLOT_SENSE_SPECIFIC_EVIDENCE_RECOVERY_149
inaptidão	1	1	DUPB::L0866_0004::E01::NOUN_SENSE::NEW::001	DUPB::L0866_0004::E01::NOUN_SENSE::NEW::001	V1	PENDING_ROLE_LEVEL	SLOT_SENSE_SPECIFIC_EVIDENCE_RECOVERY_149
incapacidade	1	1	lemma::incapacidade::NOUN_SENSE::01	lemma::incapacidade::NOUN_SENSE::01	V1	PENDING_ROLE_LEVEL	SLOT_SENSE_SPECIFIC_EVIDENCE_RECOVERY_149
incapacidade	1	2	lemma::incapacidade::NOUN_SENSE::02	lemma::incapacidade::NOUN_SENSE::02	V1	PENDING_ROLE_LEVEL	SLOT_SENSE_SPECIFIC_EVIDENCE_RECOVERY_149
incapacidade	1	3	lemma::incapacidade::NOUN_SENSE::03	lemma::incapacidade::NOUN_SENSE::03	V1	PENDING_ROLE_LEVEL	SLOT_SENSE_SPECIFIC_EVIDENCE_RECOVERY_149
incapacidade	1	4	lemma::incapacidade::NOUN_SENSE::04	lemma::incapacidade::NOUN_SENSE::04	V1	PENDING_ROLE_LEVEL	SLOT_SENSE_SPECIFIC_EVIDENCE_RECOVERY_149
inconformidade	1	1	DUPB::L0872_0045::E01::NOUN_SENSE::NEW::001	DUPB::L0872_0045::E01::NOUN_SENSE::NEW::001	V1	PENDING_ROLE_LEVEL	SLOT_SENSE_SPECIFIC_EVIDENCE_RECOVERY_149
inconsciência	1	3	DUPB::L0872_0112::E01::NOUN_SENSE::NEW::003	DUPB::L0872_0112::E01::NOUN_SENSE::NEW::003	V1	PENDING_ROLE_LEVEL	SLOT_SENSE_SPECIFIC_EVIDENCE_RECOVERY_149
incorporação	1	2	lemma::incorporação::NOUN_SENSE::02	lemma::incorporação::NOUN_SENSE::02	V2	PENDING_ROLE_LEVEL	ROLE_EXACT_EVIDENCE_RECOVERY_001
incumbência	1	1	DUPB::L0875_0127::E01::NOUN_SENSE::NEW::001	DUPB::L0875_0127::E01::NOUN_SENSE::NEW::001	V1	PENDING_ROLE_LEVEL	SLOT_SENSE_SPECIFIC_EVIDENCE_RECOVERY_149
independência	1	1	lemma::independência::NOUN_SENSE::01	lemma::independência::NOUN_SENSE::01	V1	PENDING_ROLE_LEVEL	SLOT_SENSE_SPECIFIC_EVIDENCE_RECOVERY_149
indisposição	1	3	lemma::indisposição::NOUN_SENSE::03	lemma::indisposição::NOUN_SENSE::03	V1	PENDING_ROLE_LEVEL	SLOT_SENSE_SPECIFIC_EVIDENCE_RECOVERY_149
indistinção	1	1	DUPB::L0881_0057::E01::NOUN_SENSE::NEW::001	DUPB::L0881_0057::E01::NOUN_SENSE::NEW::001	V1	PENDING_ROLE_LEVEL	SLOT_SENSE_SPECIFIC_EVIDENCE_RECOVERY_149
induzimento	1	1	DUPB::L0883_0244::E01::NOUN_SENSE::NEW::001	DUPB::L0883_0244::E01::NOUN_SENSE::NEW::001	V1	PENDING_ROLE_LEVEL	SLOT_SENSE_SPECIFIC_EVIDENCE_RECOVERY_149
intento	1	1	DUPB::L0908_0056::E01::NOUN_SENSE::NEW::001	DUPB::L0908_0056::E01::NOUN_SENSE::NEW::001	V1	PENDING_ROLE_LEVEL	SLOT_SENSE_SPECIFIC_EVIDENCE_RECOVERY_149
inter-relação	1	1	DUPB::L0915_0055::E01::NOUN_SENSE::NEW::001	DUPB::L0915_0055::E01::NOUN_SENSE::NEW::001	V1	PENDING_ROLE_LEVEL	SLOT_SENSE_SPECIFIC_EVIDENCE_RECOVERY_149
interdependência	1	1	DUPB::L0910_0025::E01::NOUN_SENSE::NEW::001	DUPB::L0910_0025::E01::NOUN_SENSE::NEW::001	V1	PENDING_ROLE_LEVEL	SLOT_SENSE_SPECIFIC_EVIDENCE_RECOVERY_149
intervenção	1	2	lemma::intervenção::NOUN_SENSE::02	lemma::intervenção::NOUN_SENSE::02	V1	PENDING_ROLE_LEVEL	SLOT_SENSE_SPECIFIC_EVIDENCE_RECOVERY_149
investimento	1	2	lemma::investimento::NOUN_SENSE::02	lemma::investimento::NOUN_SENSE::02	V2	PENDING_ROLE_LEVEL	ROLE_UNSEEN_002
lacuna	1	2	DUPB::L0953_0174::E01::NOUN_SENSE::NEW::002	DUPB::L0953_0174::E01::NOUN_SENSE::NEW::002	V1	PENDING_ROLE_LEVEL	SLOT_SENSE_SPECIFIC_EVIDENCE_RECOVERY_149
ladrão	1	3	lemma::ladrão::NOUN_SENSE::03	lemma::ladrão::NOUN_SENSE::03	V1	PENDING_ROLE_LEVEL	SLOT_SENSE_SPECIFIC_EVIDENCE_RECOVERY_149
mapeação	1	1	DUPB::L1017_0158::E01::NOUN_SENSE::NEW::001	DUPB::L1017_0158::E01::NOUN_SENSE::NEW::001	V1	PENDING_ROLE_LEVEL	SLOT_SENSE_SPECIFIC_EVIDENCE_RECOVERY_149
medo	1	1	lemma::medo::NOUN_SENSE::01	lemma::medo::NOUN_SENSE::01	V2	PENDING_ROLE_LEVEL	ROLE_UNSEEN_002
medo	1	4	lemma::medo::NOUN_SENSE::04	lemma::medo::NOUN_SENSE::04	V2	PENDING_ROLE_LEVEL	ROLE_UNSEEN_002
menção	1	1	lemma::menção::NOUN_SENSE::01	lemma::menção::NOUN_SENSE::01	V1	PENDING_ROLE_LEVEL	SLOT_SENSE_SPECIFIC_EVIDENCE_RECOVERY_149
menção	1	2	lemma::menção::NOUN_SENSE::02	lemma::menção::NOUN_SENSE::02	V1	PENDING_ROLE_LEVEL	SLOT_SENSE_SPECIFIC_EVIDENCE_RECOVERY_149
menção	1	3	lemma::menção::NOUN_SENSE::03	lemma::menção::NOUN_SENSE::03	V1	PENDING_ROLE_LEVEL	SLOT_SENSE_SPECIFIC_EVIDENCE_RECOVERY_149
mosaico	1	3	DUPB::L1080_0252::E01::NOUN_SENSE::NEW::003	DUPB::L1080_0252::E01::NOUN_SENSE::NEW::003	V1	PENDING_ROLE_LEVEL	SLOT_SENSE_SPECIFIC_EVIDENCE_RECOVERY_149
mosaico	1	4	DUPB::L1080_0252::E01::NOUN_SENSE::NEW::004	DUPB::L1080_0252::E01::NOUN_SENSE::NEW::004	V1	PENDING_ROLE_LEVEL	SLOT_SENSE_SPECIFIC_EVIDENCE_RECOVERY_149
mostra	1	3	lemma::mostra::NOUN_SENSE::03	lemma::mostra::NOUN_SENSE::03	V1	PENDING_ROLE_LEVEL	SLOT_SENSE_SPECIFIC_EVIDENCE_RECOVERY_149
mostra	1	4	lemma::mostra::NOUN_SENSE::04	lemma::mostra::NOUN_SENSE::04	V1	PENDING_ROLE_LEVEL	SLOT_SENSE_SPECIFIC_EVIDENCE_RECOVERY_149
narrativa	1	1	lemma::narrativa::NOUN_SENSE::01	lemma::narrativa::NOUN_SENSE::01	V1	PENDING_ROLE_LEVEL	SLOT_SENSE_SPECIFIC_EVIDENCE_RECOVERY_149
narração	1	1	lemma::narração::NOUN_SENSE::01	lemma::narração::NOUN_SENSE::01	V1	PENDING_ROLE_LEVEL	SLOT_SENSE_SPECIFIC_EVIDENCE_RECOVERY_149
necessidade	1	2	lemma::necessidade::NOUN_SENSE::02	lemma::necessidade::NOUN_SENSE::02	V2	PENDING_ROLE_LEVEL	ROLE_UNSEEN_002
notícia	1	1	lemma::notícia::NOUN_SENSE::01	lemma::notícia::NOUN_SENSE::01	V2	PENDING_ROLE_LEVEL	ROLE_UNSEEN_002
obrigação	1	6	lemma::obrigação::NOUN_SENSE::06	lemma::obrigação::NOUN_SENSE::06	V2	PENDING_ROLE_LEVEL	ROLE_UNSEEN_002
oferta	1	1	lemma::oferta::NOUN_SENSE::01	lemma::oferta::NOUN_SENSE::01	V3	PENDING_ROLE_LEVEL	ROLE_UNSEEN_002
oferta	1	2	lemma::oferta::NOUN_SENSE::02	lemma::oferta::NOUN_SENSE::02	V3	PENDING_ROLE_LEVEL	ROLE_UNSEEN_002
oferta	1	3	lemma::oferta::NOUN_SENSE::03	lemma::oferta::NOUN_SENSE::03	V3	PENDING_ROLE_LEVEL	ROLE_UNSEEN_002
patenteamento	1	1	DUPB::L1185_0149::E01::NOUN_SENSE::NEW::001	DUPB::L1185_0149::E01::NOUN_SENSE::NEW::001	V1	PENDING_ROLE_LEVEL	SLOT_SENSE_SPECIFIC_EVIDENCE_RECOVERY_149
perspectivação	1	1	DUPB::L1215_0227::E01::NOUN_SENSE::NEW::001	DUPB::L1215_0227::E01::NOUN_SENSE::NEW::001	V2	PENDING_ROLE_LEVEL	SLOT_GENERIC_PAIR_SENSE_SPECIFIC_RECOVERY_12
poetização	1	1	DUPB::L1241_0229::E01::NOUN_SENSE::NEW::001	DUPB::L1241_0229::E01::NOUN_SENSE::NEW::001	V2	PENDING_ROLE_LEVEL	SLOT_GENERIC_PAIR_SENSE_SPECIFIC_RECOVERY_12
posição	1	5	lemma::posição::NOUN_SENSE::05	lemma::posição::NOUN_SENSE::05	V2	PENDING_ROLE_LEVEL	SLOT_GENERIC_PAIR_SENSE_SPECIFIC_RECOVERY_12
posição	1	6	lemma::posição::NOUN_SENSE::06	lemma::posição::NOUN_SENSE::06	V2	PENDING_ROLE_LEVEL	SLOT_GENERIC_PAIR_SENSE_SPECIFIC_RECOVERY_12
preferencialização	1	1	DUPB::L1271_0153::E01::NOUN_SENSE::NEW::001	DUPB::L1271_0153::E01::NOUN_SENSE::NEW::001	V2	PENDING_ROLE_LEVEL	SLOT_GENERIC_PAIR_SENSE_SPECIFIC_RECOVERY_12
pressuposição	1	1	DUPB::L1279_0110::E01::NOUN_SENSE::NEW::001	DUPB::L1279_0110::E01::NOUN_SENSE::NEW::001	V2	PENDING_ROLE_LEVEL	SLOT_GENERIC_PAIR_SENSE_SPECIFIC_RECOVERY_12
projeto	1	1	lemma::projeto::NOUN_SENSE::01	lemma::projeto::NOUN_SENSE::01	V2	PENDING_ROLE_LEVEL	ROLE_UNSEEN_002
projeção	1	1	lemma::projeção::NOUN_SENSE::01	lemma::projeção::NOUN_SENSE::01	V1	PENDING_ROLE_LEVEL	ROLE_UNSEEN_002
proposição	1	1	DUPB::L1300_0046::E01::NOUN_SENSE::NEW::001	DUPB::L1300_0046::E01::NOUN_SENSE::NEW::001	V2	PENDING_ROLE_LEVEL	SLOT_GENERIC_PAIR_SENSE_SPECIFIC_RECOVERY_12
proposta	1	1	lemma::proposta::NOUN_SENSE::01	lemma::proposta::NOUN_SENSE::01	V2	PENDING_ROLE_LEVEL	ROLE_UNSEEN_002
queixa	1	1	lemma::queixa::NOUN_SENSE::01	lemma::queixa::NOUN_SENSE::01	V2	PENDING_ROLE_LEVEL	SLOT_GENERIC_PAIR_SENSE_SPECIFIC_RECOVERY_12
reapreciação	1	1	DUPB::L1347_0122::E01::NOUN_SENSE::NEW::001	DUPB::L1347_0122::E01::NOUN_SENSE::NEW::001	V2	PENDING_ROLE_LEVEL	SLOT_GENERIC_PAIR_SENSE_SPECIFIC_RECOVERY_12
reclassificação	1	1	DUPB::L1353_0257::E01::NOUN_SENSE::NEW::001	DUPB::L1353_0257::E01::NOUN_SENSE::NEW::001	V1	PENDING_ROLE_LEVEL	SLOT_SENSE_SPECIFIC_EVIDENCE_RECOVERY_149
recomendação	1	1	lemma::recomendação::NOUN_SENSE::01	lemma::recomendação::NOUN_SENSE::01	V2	PENDING_ROLE_LEVEL	ROLE_UNSEEN_002
recomposição	1	1	DUPB::L1355_0088::E01::NOUN_SENSE::NEW::001	DUPB::L1355_0088::E01::NOUN_SENSE::NEW::001	V2	PENDING_ROLE_LEVEL	SLOT_GENERIC_PAIR_SENSE_SPECIFIC_RECOVERY_12
recompra	1	1	DUPB::L1355_0098::E01::NOUN_SENSE::NEW::001	DUPB::L1355_0098::E01::NOUN_SENSE::NEW::001	V2	PENDING_ROLE_LEVEL	ROLE_UNSEEN_002
redução	1	1	lemma::redução::NOUN_SENSE::01	lemma::redução::NOUN_SENSE::01	V1	PENDING_ROLE_LEVEL	ROLE_UNSEEN_002
redução	1	5	lemma::redução::NOUN_SENSE::05	lemma::redução::NOUN_SENSE::05	V1	PENDING_ROLE_LEVEL	ROLE_UNSEEN_002
reeleição	1	1	lemma::reeleição::NOUN_SENSE::01	lemma::reeleição::NOUN_SENSE::01	V3	PENDING_ROLE_LEVEL	ROLE_UNSEEN_002
relatório	1	1	lemma::relatório::NOUN_SENSE::01	lemma::relatório::NOUN_SENSE::01	V3	PENDING_ROLE_LEVEL	ROLE_UNSEEN_002
renúncia	1	1	lemma::renúncia::NOUN_SENSE::01	lemma::renúncia::NOUN_SENSE::01	V2	PENDING_ROLE_LEVEL	ROLE_UNSEEN_002
reprimenda	1	1	DUPB::L1384_0222::E01::NOUN_SENSE::NEW::001	DUPB::L1384_0222::E01::NOUN_SENSE::NEW::001	V2	PENDING_ROLE_LEVEL	SLOT_GENERIC_PAIR_SENSE_SPECIFIC_RECOVERY_12
repugnância	1	2	DUPB::L1386_0061::E01::NOUN_SENSE::NEW::002	DUPB::L1386_0061::E01::NOUN_SENSE::NEW::002	V1	PENDING_ROLE_LEVEL	SLOT_SENSE_SPECIFIC_EVIDENCE_RECOVERY_149
responsabilidade	1	2	lemma::responsabilidade::NOUN_SENSE::02	lemma::responsabilidade::NOUN_SENSE::02	V2	PENDING_ROLE_LEVEL	ROLE_UNSEEN_002
retorno	1	6	lemma::retorno::NOUN_SENSE::06	lemma::retorno::NOUN_SENSE::06	V2	PENDING_ROLE_LEVEL	ROLE_UNSEEN_002
solicitação	1	1	lemma::solicitação::NOUN_SENSE::01	lemma::solicitação::NOUN_SENSE::01	V2	PENDING_ROLE_LEVEL	ROLE_UNSEEN_002
sugestão	1	1	lemma::sugestão::NOUN_SENSE::01	lemma::sugestão::NOUN_SENSE::01	V3	PENDING_ROLE_LEVEL	ROLE_UNSEEN_002
sugestão	1	2	lemma::sugestão::NOUN_SENSE::02	lemma::sugestão::NOUN_SENSE::02	V3	PENDING_ROLE_LEVEL	ROLE_UNSEEN_002
testemunho	1	3	DUPB::L1554_0236::E01::NOUN_SENSE::NEW::003	DUPB::L1554_0236::E01::NOUN_SENSE::NEW::003	V2	PENDING_ROLE_LEVEL	SLOT_GENERIC_PAIR_SENSE_SPECIFIC_RECOVERY_12
transferência	1	1	lemma::transferência::NOUN_SENSE::01	lemma::transferência::NOUN_SENSE::01	V4	PENDING_ROLE_LEVEL	ROLE_UNSEEN_002
visão	1	8	lemma::visão::NOUN_SENSE::08	lemma::visão::NOUN_SENSE::08	V2	PENDING_ROLE_LEVEL	ROLE_UNSEEN_002
volta	1	8	lemma::volta::NOUN_SENSE::08	lemma::volta::NOUN_SENSE::08	V2	PENDING_ROLE_LEVEL	ROLE_UNSEEN_002
zelo	1	1	DUPB::L1667_0162::E01::NOUN_SENSE::NEW::001	DUPB::L1667_0162::E01::NOUN_SENSE::NEW::001	V1	PENDING_ROLE_LEVEL	SLOT_SENSE_SPECIFIC_EVIDENCE_RECOVERY_149
